bolt = require("bolt")
bolt.checkversion(1, 0)

modules = {
  buffs = require("modules.buffs.buffs"),
}

buffs = {
    debuffs = {},
    -- necromancy
    necrosis = {},
    residualsouls = {},
    livingdeath = {},
    splitsoul = {},
    phantomguardian = {},
    vengefulghost = {},
    putridzombie = {},
    skeletonwarrior = {},
    deathmark = {},
    bloat = {},
    deathspark = {},
    -- magic
    sunshine = {},
    gsunshine = {},
    incitefear = {},
    glacialembrace = {},
    tsunami = {},
    temporalanomaly = {},
    conflagrate = {},
    soulfire = {},
    instability = {},
    instabilitycd = {},
    combust = {},
    runiccharge = {},
    -- ranged
    deathsswiftness = {},
    gdeathsswiftness = {},
    perfectequilibrium = {},
    balancebyforce = {},
    spore = {},
    sporeactive = {},
    sporecd = {},
    wenstack = {},
    wenactive = {},
    draco = {},
    edraco = {},
    shadows = {},
    -- melee
    gbarge = {},
    berserk = {},
    frostblades = {},
    primordialice = {},
    bloodlust = {},
    meteor = {}
}

models = {
  temporalanomaly = { center = bolt.point(0, 200,0), boxsize = 500, boxthickness = 100},
  bloat = { center = bolt.point(0, 200,0), boxsize = 500, boxthickness = 100},
}

particles = {
  bloat = {},
}

elements = {
  bank = {},
  central = {},
  lobby = {},
  loot = {},
  bankpresets = {},
  slotbg = {},
  slotinput = {},
}

equipment = {
  t95lantern = {},
  t95guard = {},
}

require("abilities")
require("hilights")

for _, model in pairs(models) do
  model.dohighlight = true
end

px = {}
py = {}
pz = {}

-- table of png images ("true" is used as a placeholder value for each one)
images = {
  hilighthorizontal = true,
  hilightvertical = true,
}

-- sets up initial states of `images` and `bars`
(function (images)
  local function setupimage (t, prefix)
    for key, val in pairs(t) do
      local str = string.format("%s.%s", prefix, key)
      if type(val) == 'table' then
        setupimage(val, str)
      else
        local surface, width, height = bolt.createsurfacefrompng(str)
        t[key] = { width = width, height = height, surface = surface }
      end
    end
  end
  setupimage(images, "assets")
end)(images)

numparse = function (num, size)
  local number_to_process
  if type(num) ~= "number" then
      number_to_process = 0
  else
      -- Optional: Cap the number within the supported range (0-99)
      number_to_process = math.max(0, math.min(99, num))
  end

    -- Format the number into a two-digit string (e.g., 5 -> "05")
  local num_str = string.format("%02d", number_to_process)

  -- Return the individual characters
  local digit1_val = tonumber(num_str:sub(1, 1))
  local digit2_val = tonumber(num_str:sub(2, 2))

  -- Calculate the source X coordinate in the image
  local digit1 = digit1_val * size
  local digit2 = digit2_val * size

  return digit1, digit2
end

hhimg = images.hilighthorizontal
hvimg = images.hilightvertical

hv = 0
hh = 0

hilightabilities = function()

  hh = hh or 0
  hv = hv or 0

  if checkframe then
    hv = hv + 1
    hh = hh + 1
  end

  if math.abs(hv) >= 16 then hv = 0 end
  if math.abs(hh) >= 16 then hh = 0 end

  for name, ability in pairs(abilities) do
    if ability.hilight and ability.active then
      
      local x = ability.x
      local y = ability.y

      local hx = x - 2
      local hy = y - 2

      hhimg.surface:drawtoscreen(hh, 0, 32, hhimg.height, hx + (2 * ability.scale), hy, 32 * ability.scale, hhimg.height * ability.scale)
      hvimg.surface:drawtoscreen(0, hv, hvimg.width, 32, hx, hy + (32 * ability.scale), hvimg.width * ability.scale, -32 * ability.scale)
      hhimg.surface:drawtoscreen(hh, 0, 32, hhimg.height, hx + (32 * ability.scale), hy + (32 * ability.scale), -32 * ability.scale, hhimg.height * ability.scale)
      hvimg.surface:drawtoscreen(0, hv, hvimg.width, 32, hx + (32 * ability.scale), hy + (2 * ability.scale), hvimg.width * ability.scale, 32 * ability.scale)
    end
  end
end

local function drawbox (worldpoint, viewmatrix, projmatrix, boxradius, boxthickness)
  local px, py, pz = worldpoint:transform(viewmatrix):get()
  local left, top, depth = bolt.point(px - boxradius, py + boxradius, pz):transform(projmatrix):aspixels()
  local right, bottom, _ = bolt.point(px + boxradius, py - boxradius, pz):transform(projmatrix):aspixels()
  local leftinner, topinner, _ = bolt.point(px + boxthickness - boxradius, py + boxradius - boxthickness, pz):transform(projmatrix):aspixels()
  if depth < 0.0 or depth > 1.0 then return end
  left = math.floor(left)
  top = math.floor(top)
  right = math.floor(right)
  bottom = math.floor(bottom)
  local width = right - left
  local height = bottom - top
  local edgew = leftinner - left
  local edgeh = topinner - top
  redpixel:drawtoscreen(0, 0, 1, 1, left, top, width, edgeh) -- top
  redpixel:drawtoscreen(0, 0, 1, 1, left, top, edgew, height) -- left
  redpixel:drawtoscreen(0, 0, 1, 1, right - edgew, top, edgew, height) -- right
  redpixel:drawtoscreen(0, 0, 1, 1, left, bottom - edgeh, width, edgeh) -- bottom
  blackpixel:drawtoscreen(0, 0, 1, 1, left, top, width, 1) -- top
  blackpixel:drawtoscreen(0, 0, 1, 1, left, top, 1, height) -- left
  blackpixel:drawtoscreen(0, 0, 1, 1, right - 1, top, 1, height) -- right
  blackpixel:drawtoscreen(0, 0, 1, 1, left, bottom - 1, width, 1) -- bottom
  blackpixel:drawtoscreen(0, 0, 1, 1, left + edgew, top + edgeh, width - (edgew * 2), 1) -- top
  blackpixel:drawtoscreen(0, 0, 1, 1, left + edgew, top + edgeh, 1, height - (edgeh * 2)) -- left
  blackpixel:drawtoscreen(0, 0, 1, 1, right - (edgew + 1), top + edgeh, 1, height - (edgeh * 2)) -- right
  blackpixel:drawtoscreen(0, 0, 1, 1, left + edgew, bottom - (edgeh + 1), width - (edgew * 2), 1) -- bottom
end

stats = {
  health = {fraction = 1.0},
  adrenaline = {fraction = 1.0},
  prayer = {fraction = 1.0},
  summoning = {fraction = 1.0},
}

-- top row of pixels from106x4 images
local statbars = {
  ["\xf8\x76\x50\x00\xf8\x76\x50\xff\xf8\x76\x50\xff\xf8\x76\x50\xff\xf8\x76\x50\xff\xf8\x76\x50\xff\xf3\x57\x37\xff\xf3\x57\x37\xff\xf3\x57\x37\xff\xf3\x57\x37\xff\xf3\x57\x37\xff\xf8\x76\x50\xff\xf3\x57\x37\xff\xf3\x57\x37\xff\xf3\x57\x37\xff\xf3\x57\x37\xff\xf3\x57\x37\xff\xf3\x57\x37\xff\xf3\x57\x37\xff\xf3\x57\x37\xff\xf3\x57\x37\xff\xf3\x57\x37\xff\xf3\x57\x37\xff\xf3\x57\x37\xff\xf3\x57\x37\xff\xf3\x57\x37\xff\xf3\x57\x37\xff\xf3\x57\x37\xff\xf3\x57\x37\xff\xf3\x57\x37\xff\xf3\x57\x37\xff\xf3\x57\x37\xff\xf3\x57\x37\xff\xf8\x76\x50\xff\xf8\x76\x50\xff\xf8\x76\x50\xff\xf8\x76\x50\xff\xf8\x76\x50\xff\xf3\x57\x37\xff\xf3\x57\x37\xff\xf3\x57\x37\xff\xf3\x57\x37\xff\xf3\x57\x37\xff\xf8\x76\x50\xff\xf8\x76\x50\xff\xf3\x57\x37\xff\xf3\x57\x37\xff\xf3\x57\x37\xff\xf3\x57\x37\xff\xf3\x57\x37\xff\xf3\x57\x37\xff\xf3\x57\x37\xff\xf3\x57\x37\xff\xf3\x57\x37\xff\xf3\x57\x37\xff\xf3\x57\x37\xff\xf3\x57\x37\xff\xf3\x57\x37\xff\xf3\x57\x37\xff\xf3\x57\x37\xff\xf3\x57\x37\xff\xf3\x57\x37\xff\xf3\x57\x37\xff\xf3\x57\x37\xff\xf3\x57\x37\xff\xf3\x57\x37\xff\xf3\x57\x37\xff\xf3\x57\x37\xff\xf3\x57\x37\xff\xf8\x76\x50\xff\xf3\x57\x37\xff\xf3\x57\x37\xff\xf3\x57\x37\xff\xf3\x57\x37\xff\xf3\x57\x37\xff\xf3\x57\x37\xff\xf3\x57\x37\xff\xf3\x57\x37\xff\xf3\x57\x37\xff\xf3\x57\x37\xff\xf3\x57\x37\xff\xf3\x57\x37\xff\xf3\x57\x37\xff\xf3\x57\x37\xff\xf3\x57\x37\xff\xf3\x57\x37\xff\xf3\x57\x37\xff\xf3\x57\x37\xff\xf3\x57\x37\xff\xf3\x57\x37\xff\xf3\x57\x37\xff\xf3\x57\x37\xff\xf3\x57\x37\xff\xf3\x57\x37\xff\xf3\x57\x37\xff\xf3\x57\x37\xff\xf3\x57\x37\xff\xf3\x57\x37\xff\xf3\x57\x37\xff\xf3\x57\x37\xff\xf3\x57\x37\xff\xf3\x57\x37\xff\xf3\x57\x37\xff\xf3\x57\x37\xff\xf3\x57\x37\xff\xf3\x57\x37\x00"]
    = stats.health,
  ["\xed\xcd\x1f\x00\xe3\xb6\x21\xff\xe3\xb6\x21\xff\xed\xcd\x1f\xff\xe3\xb6\x21\xff\xe3\xb6\x21\xff\xe3\xb6\x21\xff\xe3\xb6\x21\xff\xe3\xb6\x21\xff\xe3\xb6\x21\xff\xe3\xb6\x21\xff\xe3\xb6\x21\xff\xe3\xb6\x21\xff\xe3\xb6\x21\xff\xe3\xb6\x21\xff\xe3\xb6\x21\xff\xe3\xb6\x21\xff\xe3\xb6\x21\xff\xe3\xb6\x21\xff\xe3\xb6\x21\xff\xe3\xb6\x21\xff\xe3\xb6\x21\xff\xe3\xb6\x21\xff\xe3\xb6\x21\xff\xe3\xb6\x21\xff\xe3\xb6\x21\xff\xe3\xb6\x21\xff\xe3\xb6\x21\xff\xe3\xb6\x21\xff\xe3\xb6\x21\xff\xe3\xb6\x21\xff\xe3\xb6\x21\xff\xe3\xb6\x21\xff\xe3\xb6\x21\xff\xe3\xb6\x21\xff\xed\xcd\x1f\xff\xed\xcd\x1f\xff\xed\xcd\x1f\xff\xe3\xb6\x21\xff\xe3\xb6\x21\xff\xe3\xb6\x21\xff\xe3\xb6\x21\xff\xe3\xb6\x21\xff\xe3\xb6\x21\xff\xe3\xb6\x21\xff\xe3\xb6\x21\xff\xe3\xb6\x21\xff\xe3\xb6\x21\xff\xe3\xb6\x21\xff\xe3\xb6\x21\xff\xe3\xb6\x21\xff\xe3\xb6\x21\xff\xe3\xb6\x21\xff\xe3\xb6\x21\xff\xe3\xb6\x21\xff\xe3\xb6\x21\xff\xe3\xb6\x21\xff\xe3\xb6\x21\xff\xe3\xb6\x21\xff\xe3\xb6\x21\xff\xe3\xb6\x21\xff\xe3\xb6\x21\xff\xe3\xb6\x21\xff\xe3\xb6\x21\xff\xe3\xb6\x21\xff\xe3\xb6\x21\xff\xe3\xb6\x21\xff\xe3\xb6\x21\xff\xe3\xb6\x21\xff\xed\xcd\x1f\xff\xe3\xb6\x21\xff\xe3\xb6\x21\xff\xe3\xb6\x21\xff\xe3\xb6\x21\xff\xe3\xb6\x21\xff\xe3\xb6\x21\xff\xe3\xb6\x21\xff\xe3\xb6\x21\xff\xe3\xb6\x21\xff\xe3\xb6\x21\xff\xe3\xb6\x21\xff\xe3\xb6\x21\xff\xe3\xb6\x21\xff\xe3\xb6\x21\xff\xe3\xb6\x21\xff\xe3\xb6\x21\xff\xe3\xb6\x21\xff\xe3\xb6\x21\xff\xe3\xb6\x21\xff\xe3\xb6\x21\xff\xe3\xb6\x21\xff\xe3\xb6\x21\xff\xe3\xb6\x21\xff\xe3\xb6\x21\xff\xe3\xb6\x21\xff\xe3\xb6\x21\xff\xe3\xb6\x21\xff\xe3\xb6\x21\xff\xe3\xb6\x21\xff\xe3\xb6\x21\xff\xe3\xb6\x21\xff\xe3\xb6\x21\xff\xe3\xb6\x21\xff\xe3\xb6\x21\xff\xe3\xb6\x21\xff\xe3\xb6\x21\x00"]
    = stats.adrenaline,
  ["\x82\x61\xb5\x00\x82\x61\xb5\xff\x82\x61\xb5\xff\x82\x61\xb5\xff\x82\x61\xb5\xff\x82\x61\xb5\xff\x74\x51\xab\xff\x74\x51\xab\xff\x74\x51\xab\xff\x74\x51\xab\xff\x82\x61\xb5\xff\x82\x61\xb5\xff\x82\x61\xb5\xff\x82\x61\xb5\xff\x74\x51\xab\xff\x74\x51\xab\xff\x74\x51\xab\xff\x74\x51\xab\xff\x74\x51\xab\xff\x74\x51\xab\xff\x74\x51\xab\xff\x74\x51\xab\xff\x74\x51\xab\xff\x74\x51\xab\xff\x82\x61\xb5\xff\x74\x51\xab\xff\x74\x51\xab\xff\x74\x51\xab\xff\x82\x61\xb5\xff\x74\x51\xab\xff\x74\x51\xab\xff\x74\x51\xab\xff\x82\x61\xb5\xff\x82\x61\xb5\xff\x82\x61\xb5\xff\x82\x61\xb5\xff\x82\x61\xb5\xff\x82\x61\xb5\xff\x82\x61\xb5\xff\x74\x51\xab\xff\x74\x51\xab\xff\x74\x51\xab\xff\x74\x51\xab\xff\x82\x61\xb5\xff\x82\x61\xb5\xff\x82\x61\xb5\xff\x74\x51\xab\xff\x74\x51\xab\xff\x74\x51\xab\xff\x74\x51\xab\xff\x74\x51\xab\xff\x74\x51\xab\xff\x74\x51\xab\xff\x74\x51\xab\xff\x74\x51\xab\xff\x74\x51\xab\xff\x74\x51\xab\xff\x74\x51\xab\xff\x74\x51\xab\xff\x74\x51\xab\xff\x74\x51\xab\xff\x82\x61\xb5\xff\x82\x61\xb5\xff\x74\x51\xab\xff\x74\x51\xab\xff\x74\x51\xab\xff\x74\x51\xab\xff\x74\x51\xab\xff\x74\x51\xab\xff\x82\x61\xb5\xff\x74\x51\xab\xff\x74\x51\xab\xff\x74\x51\xab\xff\x74\x51\xab\xff\x74\x51\xab\xff\x74\x51\xab\xff\x74\x51\xab\xff\x74\x51\xab\xff\x74\x51\xab\xff\x74\x51\xab\xff\x74\x51\xab\xff\x74\x51\xab\xff\x74\x51\xab\xff\x74\x51\xab\xff\x74\x51\xab\xff\x74\x51\xab\xff\x74\x51\xab\xff\x74\x51\xab\xff\x74\x51\xab\xff\x74\x51\xab\xff\x74\x51\xab\xff\x74\x51\xab\xff\x74\x51\xab\xff\x74\x51\xab\xff\x74\x51\xab\xff\x74\x51\xab\xff\x74\x51\xab\xff\x74\x51\xab\xff\x74\x51\xab\xff\x74\x51\xab\xff\x82\x61\xb5\xff\x82\x61\xb5\xff\x82\x61\xb5\xff\x74\x51\xab\xff\x74\x51\xab\xff\x74\x51\xab\x00"]
    = stats.prayer,
  ["\x1f\xac\xa0\x00\x1f\xac\xa0\xff\x1f\xac\xa0\xff\x1f\xac\xa0\xff\x1f\xac\xa0\xff\x1f\xac\xa0\xff\x18\x9e\x8f\xff\x18\x9e\x8f\xff\x18\x9e\x8f\xff\x18\x9e\x8f\xff\x18\x9e\x8f\xff\x1f\xac\xa0\xff\x18\x9e\x8f\xff\x18\x9e\x8f\xff\x18\x9e\x8f\xff\x18\x9e\x8f\xff\x18\x9e\x8f\xff\x18\x9e\x8f\xff\x18\x9e\x8f\xff\x18\x9e\x8f\xff\x18\x9e\x8f\xff\x18\x9e\x8f\xff\x18\x9e\x8f\xff\x18\x9e\x8f\xff\x18\x9e\x8f\xff\x18\x9e\x8f\xff\x18\x9e\x8f\xff\x18\x9e\x8f\xff\x18\x9e\x8f\xff\x18\x9e\x8f\xff\x18\x9e\x8f\xff\x18\x9e\x8f\xff\x18\x9e\x8f\xff\x1f\xac\xa0\xff\x1f\xac\xa0\xff\x1f\xac\xa0\xff\x1f\xac\xa0\xff\x1f\xac\xa0\xff\x18\x9e\x8f\xff\x18\x9e\x8f\xff\x18\x9e\x8f\xff\x18\x9e\x8f\xff\x18\x9e\x8f\xff\x1f\xac\xa0\xff\x1f\xac\xa0\xff\x1f\xac\xa0\xff\x18\x9e\x8f\xff\x18\x9e\x8f\xff\x18\x9e\x8f\xff\x18\x9e\x8f\xff\x18\x9e\x8f\xff\x18\x9e\x8f\xff\x18\x9e\x8f\xff\x18\x9e\x8f\xff\x18\x9e\x8f\xff\x18\x9e\x8f\xff\x18\x9e\x8f\xff\x18\x9e\x8f\xff\x18\x9e\x8f\xff\x18\x9e\x8f\xff\x18\x9e\x8f\xff\x18\x9e\x8f\xff\x18\x9e\x8f\xff\x18\x9e\x8f\xff\x18\x9e\x8f\xff\x18\x9e\x8f\xff\x18\x9e\x8f\xff\x18\x9e\x8f\xff\x18\x9e\x8f\xff\x1f\xac\xa0\xff\x18\x9e\x8f\xff\x18\x9e\x8f\xff\x18\x9e\x8f\xff\x18\x9e\x8f\xff\x18\x9e\x8f\xff\x18\x9e\x8f\xff\x18\x9e\x8f\xff\x18\x9e\x8f\xff\x18\x9e\x8f\xff\x18\x9e\x8f\xff\x18\x9e\x8f\xff\x18\x9e\x8f\xff\x18\x9e\x8f\xff\x18\x9e\x8f\xff\x18\x9e\x8f\xff\x18\x9e\x8f\xff\x18\x9e\x8f\xff\x18\x9e\x8f\xff\x18\x9e\x8f\xff\x18\x9e\x8f\xff\x18\x9e\x8f\xff\x18\x9e\x8f\xff\x18\x9e\x8f\xff\x18\x9e\x8f\xff\x18\x9e\x8f\xff\x18\x9e\x8f\xff\x18\x9e\x8f\xff\x18\x9e\x8f\xff\x18\x9e\x8f\xff\x18\x9e\x8f\xff\x18\x9e\x8f\xff\x18\x9e\x8f\xff\x18\x9e\x8f\xff\x18\x9e\x8f\xff\x18\x9e\x8f\xff\x18\x9e\x8f\x00"]
    = stats.summoning,
}

checkframe = false
checktime = bolt.time()
checkinterval = 50000 -- read the screen 20 times per second
nextrender2dbuff = nil
nextrender2ddebuff = nil
nextrender2dpxleft = 0
nextrender2dpxtop = 0

barfill = function (dest, el, max)
  local perc = (dest - el) / dest
  return math.max(0, math.min(max, max * perc))
end

for name, buff in pairs(buffs) do
  buff.name = name
  buff.active = false
end

rgbaleniency = 2.5 / 255.0

-- compares rgb 0-1 to target values using a leniency value
function rougheqrgb (r, g, b, tr, tg, tb)
  return math.abs(r - (tr / 255.0)) <= rgbaleniency and math.abs(g - (tg / 255.0)) <= rgbaleniency and math.abs(b - (tb / 255.0)) <= rgbaleniency
end

any3dobjectexists = false
any3dobjectfound = false

render3dlookup = {
  [600] = function (event)
    -- temporal anomaly
    local anim = event:animated()
    local x, y, z = event:vertexpoint(1):get()
    local a, b, c = event:vertexpoint(89):get()
    local d, e, f = event:vertexpoint(76):get()
    local g, h, i = event:vertexpoint(575):get()
    local j, k, l = event:vertexpoint(340):get()
    local m, n, o = event:vertexpoint(235):get()
    if anim and x == -0 and y == 32 and z == -224 then return models.temporalanomaly end
    if anim and a == 120 and b == 76 and c == -204 then return models.temporalanomaly end
    if anim and d == -192 and e == 280 and f == 112 then return models.temporalanomaly end
    if anim and g == 60 and h == 584 and i == -128 then return models.temporalanomaly end
    if anim and j == -176 and k == 176 and l == 0 then return models.temporalanomaly end
    if anim and m == 112 and n == 460 and o == -188 then return models.temporalanomaly end
    return nil
  end,
  [6] = function (event)
    -- bloat animation
    local anim = event:animated()
    local x, y, z = event:vertexpoint(3):get()
    if anim and x == -86 and y == 49 and z == 63 then return models.bloat end
    return nil
  end,
}

rendericonlookup1godbookmatch = function (event)
  local x, y, z = event:modelvertexpoint(1, 1):get()
  if x == -7 and y == 67 and z == 81 then return buffs.godbook, nil end
  return nil, nil
end

rendericonlookup1 = {

  [2811] = function (event)
    local x, y, z = event:modelvertexpoint(1, 1):get()
    if x == -76 and y == 35 and z == -27 then return buffs.grimoire, nil end
    return nil, nil
  end,

  [2382] = function (event)
    local x, y, z = event:modelvertexpoint(1, 26):get()
    if x == 0 and y == 5 and z == -202 then return nil, buffs.soulfire end
    return nil, nil
  end,

  [1575] = function (event)
    local x, y, z = event:modelvertexpoint(1, 504):get()
    if x == -144 and y == 0 and z == -156 then return buffs.spore, buffs.sporecd end
  end,

  [4068] = function (event)
    local x, y, z = event:modelvertexpoint(1, 1001):get()
    if x == -18 and y == 82 and z == -11 then
      name = equipment.t95lantern
      name.foundoncheckframe = true
      x, y, _, _ = event:xywh()
      name.x = x
      name.y = y
    end
  end,

  [2460] = rendericonlookup1godbookmatch, -- wen
  [2484] = rendericonlookup1godbookmatch, -- ful
  [2502] = rendericonlookup1godbookmatch, -- jas
  [2856] = rendericonlookup1godbookmatch, -- elidinis
}

rendericonlookup2 = {
  [5652] = function (event)
    if event:modelvertexcount(2) == 4014 then return buffs.instability, buffs.instabilitycd end
  end,
}

seticondetails = function (icon, exists, x, y)
  if x then
    icon.x = x
    icon.y = y
    icon.active = true
  end
end

local setbuffdetails = function (buff, number, parensnumber)
  buff.number = number
  buff.parensnumber = parensnumber
  buff.active = true
  buff.foundoncheckframe = true
end


setuidetails = function (element, exists, x, y)
  if x then
    element.x = x
    element.y = y
    element.active = true
    element.foundoncheckframe = true
  end
end

setabilitydetails = function (ability, exists, x, y, size, scale)
  if x then
    ability.x = x
    ability.y = y
    ability.active = true
    ability.foundoncheckframe = true
    ability.hilight = false
    ability.size = size
    ability.scale = scale
  end
end

gamewidth = 0
gameheight = 0

bolt.onrendergameview( function (event)
  gamewidth, gameheight = event:size()
end)

bolt.onrender2d(function (event)
  local t = bolt.time()
  if not checkframe then return end

  if recreate_window_deferred then
    recreate_window_deferred = false
    setupGaugeWindow()
  end

  if nextrender2dbuff or nextrender2ddebuff then
    local valid, number, parensnumber, isbuff = modules.buffs:tryreadbuffdetails(event, 1, nextrender2dpxleft, nextrender2dpxtop)
    if valid then
      local buff = isbuff and nextrender2dbuff or nextrender2ddebuff
      if buff then setbuffdetails(buff, number, parensnumber) end
    end
    nextrender2dbuff = nil
    nextrender2ddebuff = nil
  end

  elements.slotbg = {}

  local vertexcount = event:vertexcount()
  local verticesperimage = event:verticesperimage()
  for i = 1, vertexcount, verticesperimage do
    local ax, ay, aw, ah, _, _ = event:vertexatlasdetails(i)
    if checkframe then
      local pxleft, pxtop = event:vertexxy(i + 2)

      -- helper that calls tryreadbuffdetails with relevant upvalues for this specific image
      -- expectbuff is true if this is expected to be a buff (green), false if debuff (red)
      local readbuff = function (buff, expectbuff)
        local valid, number, parensnumber, isbuff = modules.buffs:tryreadbuffdetails(event, i + verticesperimage, pxleft, pxtop)
        if valid and isbuff == expectbuff then setbuffdetails(buff, number, parensnumber) end
      end
      local readuielement = function (element, exists)
        setuidetails(element, exists, pxleft, pxtop)
      end
      if aw == 10 then 
          if event:texturecompare(ax, ay + 5, "\x26\x20\x1c\x75\x31\x2b\x27\xc3\x03\x01\x00\xb3\x03\x01\x00\xa3\x03\x01\x00\x98\x03\x01\x00\x90\x03\x01\x00\x8c\x03\x01\x00\x8c\x03\x01\x00\x8c\x03\x01\x00\x8c") then

            local current_instance = {}
            readuielement(current_instance, true)
            table.insert(elements.slotbg, current_instance)
          end
          if event:texturecompare(ax, ay + 5, "\xdc\xb5\x76\x75\xea\xc3\x84\xc3\x29\x23\x1f\xb3\x2c\x26\x22\xa3\x2e\x28\x24\x98\x31\x2b\x27\x90\x33\x2d\x29\x8c\x33\x2d\x29\x8c\x33\x2d\x29\x8c\x33\x2d\x29\x8c") then

            local current_instance = {}
            readuielement(current_instance, true)
            table.insert(elements.slotinput, current_instance)
          end
      end
      local readability = function (ability, exists)
        --local valid, number, parensnumber, isbuff = modules.buffs:tryreadbuffdetails(event, i + verticesperimage, pxleft, pxtop)
        local pxlefts, pxtops = event:vertexscaledxy(i + 2)
        local margin = 10
        local checkx = pxleft
        local checky = pxtop
        local proceed = false
        for i = 1, #elements.slotbg do
            local slot = elements.slotbg[i]
            local diffx = math.abs(slot.x - checkx)
            local diffy = math.abs(slot.y - checky)
            if diffx > margin or diffy > margin then
              proceed = false
            else
              proceed = true
            end
        end

        local size = event:targetsize(i)
        local scale = event:targetscale(i)
        if proceed then setabilitydetails(ability, exists, pxlefts, pxtops, size, scale) end
      end
      if aw == ah then
        if aw == 60 then
          if event:texturecompare(ax, ay + 30, "\x90\x3f\x3b\xff\x9d\x35\x39\xff\xa5\x2c\x3b\xff\xb0\x22\x3b\xff\xc0\x15\x34\xff\xca\x09\x32\xff\xd5\x05\x2e\xff\xdc\x07\x2d\xff\xe4\x12\x2b\xff\xf2\x26\x26\xff\xff\x47\x18\xff\xff\x6c\x1d\xff\xd2\x87\x50\xff\x89\x90\x91\xff\x50\x90\xc2\xff\x32\x91\xde\xff\x1f\x92\xed\xff\x1f\x95\xed\xff\x33\x98\xde\xff\x53\x94\xbf\xff\x8a\x90\x8f\xff\xcd\x8d\x58\xff\xf4\x7e\x35\xff\xef\x63\x37\xff\xe5\x53\x43\xff\xed\x5a\x46\xff\xff\x76\x38\xff\xdd\x93\x5c\xff\x34\xc7\xeb\xff\x4e\xff\xff\xff\x32\xef\xfb\xff\x07\xde\xfd\xff\x0f\xe8\xff\xff\x13\xf5\xff\xff\x15\xfb\xff\xff\x19\xff\xff\xff\x10\xc4\xcf\xff\x05\x5f\x78\xff\x05\x5e\x74\xff\x04\x5e\x73\xff\x09\x8f\x9d\xff\x1d\xff\xfc\xff\x19\xea\xea\xff\x10\xb5\xbf\xff\x0e\xa1\xb3\xff\x11\xa8\xbc\xff\x15\xc6\xda\xff\x1a\xe6\xfb\xff\x1c\xed\xff\xff\x1c\xe5\xfe\xff\x0f\xd5\xff\xff\x27\xb2\xf2\xff\xce\x9c\x6d\xff\xd3\x74\x43\xff\x99\x4b\x47\xff\x69\x2e\x44\xff\x3f\x1f\x42\xff\x20\x16\x40\xff\x0e\x12\x3e\xff\x06\x11\x3b\xff") then
                    readability(abilities.conc, true)
          elseif event:texturecompare(ax, ay + 30, "\x23\x12\x01\xff\x23\x12\x01\xff\x23\x12\x01\xff\x1c\x12\x01\xff\x0b\x05\x01\xff\x0b\x05\x01\xff\x1c\x12\x01\xff\x3b\x22\x02\xff\x2b\x19\x01\xff\x23\x12\x01\xff\x14\x0b\x01\xff\x1b\x0b\x00\xff\x6f\x3e\x17\xff\xae\x61\x1f\xff\xc7\x72\x24\xff\xc7\x72\x24\xff\xc7\x72\x24\xff\x5b\x35\x0b\xff\x14\x0b\x01\xff\x0b\x05\x01\xff\x33\x1f\x09\xff\xae\x61\x1f\xff\xf5\xa5\x4a\xff\xe6\x86\x2a\xff\x53\x2b\x0d\xff\x22\x0a\x02\xff\x43\x22\x02\xff\x9e\x9e\x98\xff\xfe\xfd\xfc\xff\xf7\xf6\xe7\xff\xfb\xe6\xc5\xff\xfb\xe6\xc5\xff\xfe\xfd\xfc\xff\xf7\xf6\xe7\xff\x98\x74\x56\xff\x53\x2b\x0d\xff\x5a\x3e\x2d\xff\xa8\x79\x57\xff\xdc\xd3\xcc\xff\xfe\xfd\xfc\xff\xdb\xe8\xf6\xff\xbc\x92\x6f\xff\xb7\x6d\x22\xff\x8e\x3e\x03\xff\x43\x22\x02\xff\x02\x01\x01\xff\x02\x01\x01\xff\x0b\x05\x01\xff\x2b\x19\x01\xff\x33\x1b\x01\xff\x33\x1b\x01\xff\x33\x1b\x01\xff\x33\x1b\x01\xff\x2b\x19\x01\xff\x2b\x19\x01\xff\x2b\x19\x01\xff\x33\x1f\x09\xff\x2a\x14\x01\xff\x2a\x14\x01\xff\x14\x0b\x01\xff") then
                    readability(abilities.assault, true)
          elseif event:texturecompare(ax, ay + 30, "\x7a\x73\x3e\xff\xbe\xc3\xbb\xff\xd6\xd1\xb1\xff\xd9\xd3\x9a\xff\xaa\xa5\x72\xff\x6a\x63\x48\xff\x4c\x4e\x44\xff\x4c\x4e\x44\xff\x63\x61\x4b\xff\x7b\x79\x63\xff\x83\x82\x6b\xff\x71\x74\x6b\xff\x4c\x4e\x44\xff\x4e\x45\x19\xff\x64\x52\x0a\xff\x69\x55\x0a\xff\x69\x55\x0a\xff\x69\x55\x0a\xff\x69\x55\x0a\xff\x69\x55\x0a\xff\x69\x55\x0a\xff\x64\x52\x0a\xff\x64\x52\x0a\xff\x64\x52\x0a\xff\x6c\x5a\x0a\xff\x82\x6b\x0a\xff\x92\x74\x0c\xff\x5b\x4b\x09\xff\x44\x40\x2c\xff\x62\x6a\x6e\xff\x9a\xa6\xaf\xff\xcc\xd1\xd0\xff\xe9\xec\xe8\xff\xf2\xfb\xfe\xff\xfc\xfe\xfe\xff\xfc\xfe\xfe\xff\xe9\xec\xe8\xff\xe2\xe5\xd9\xff\xbc\xc5\xc7\xff\xa4\xab\xb4\xff\x8a\x92\x94\xff\x7b\x81\x83\xff\x70\x7b\x83\xff\x7b\x81\x83\xff\x70\x7b\x83\xff\x70\x7b\x83\xff\x62\x6a\x6e\xff\x52\x5b\x5f\xff\x3c\x3e\x3a\xff\x22\x1e\x0d\xff\x54\x49\x0a\xff\x84\x7a\x0d\xff\x94\x8a\x0e\xff\xa6\xa0\x10\xff\x84\x7a\x0d\xff\xc8\xc4\x13\xff\xd3\xcf\x13\xff\xb3\xab\x10\xff\x64\x52\x0a\xff\x41\x35\x07\xff") then
                    readability(abilities.flurry, true)
          elseif event:texturecompare(ax, ay + 30, "\x33\x2a\x0d\xff\x3b\x2e\x0d\xff\x43\x31\x07\xff\x43\x31\x07\xff\x49\x3c\x07\xff\x78\x5f\x05\xff\x97\x6e\x05\xff\x97\x6e\x05\xff\x78\x5f\x05\xff\x49\x3c\x07\xff\x3b\x2e\x0d\xff\x4d\x39\x21\xff\x3b\x2e\x0d\xff\x33\x2a\x0d\xff\x33\x2a\x0d\xff\x3b\x2e\x0d\xff\x3b\x2e\x0d\xff\x3b\x2e\x0d\xff\x34\x24\x05\xff\x1b\x15\x03\xff\x14\x12\x03\xff\x14\x0c\x04\xff\x32\x2e\x2b\xff\x5f\x5a\x5a\xff\x5f\x5a\x5a\xff\x7d\x72\x6f\xff\x78\x79\x82\xff\x83\x89\x8e\xff\xa7\xa9\xb0\xff\xb3\xb7\xba\xff\xd0\xd6\xda\xff\xdf\xde\xdf\xff\xed\xe9\xf2\xff\xed\xe9\xf2\xff\xef\xf6\xf9\xff\xef\xf6\xf9\xff\xdf\xde\xdf\xff\xce\xca\xc6\xff\xd0\xd6\xda\xff\x9d\x9e\xa0\xff\x39\x3f\x31\xff\x04\x02\x02\xff\x0b\x0b\x04\xff\x14\x0c\x04\xff\x1b\x15\x03\xff\x2b\x20\x03\xff\x2b\x20\x03\xff\x23\x1d\x0c\xff\x14\x0c\x04\xff\x19\x15\x0a\xff\x49\x3c\x07\xff\x78\x5f\x05\xff\x53\x3e\x08\xff\x2b\x21\x0b\xff\x23\x1d\x0c\xff\x23\x1d\x0c\xff\x2b\x20\x03\xff\x34\x24\x05\xff\x33\x2a\x0d\xff\x33\x2a\x0d\xff") then
                    readability(abilities.hurricane, true)
          elseif event:texturecompare(ax, ay + 30, "\x49\x20\x01\xff\x49\x20\x01\xff\x4e\x31\x03\xff\x76\x50\x06\xff\x95\x7f\x05\xff\xf3\xc7\x04\xff\xf3\xc7\x04\xff\xf3\xc7\x04\xff\xe2\xb3\x04\xff\xcb\x9b\x05\xff\xa8\x80\x05\xff\x97\x6e\x05\xff\xa9\x71\x04\xff\xb3\x82\x05\xff\xe2\xb3\x04\xff\xe2\xb3\x04\xff\xcb\x9b\x05\xff\xcb\x9b\x05\xff\xa8\x80\x05\xff\x43\x31\x07\xff\x14\x0c\x04\xff\x2b\x20\x03\xff\xde\xab\x1b\xff\xfa\xed\x1d\xff\xcb\x9b\x05\xff\x76\x50\x06\xff\x70\x41\x06\xff\x88\x4f\x06\xff\xb3\x82\x05\xff\xde\xab\x1b\xff\xfa\xed\x1d\xff\xcb\x9b\x05\xff\x76\x50\x06\xff\x70\x41\x06\xff\x88\x4f\x06\xff\x97\x6e\x05\xff\x97\x6e\x05\xff\x91\x6e\x1a\xff\x68\x55\x05\xff\x5e\x40\x03\xff\x34\x24\x05\xff\x49\x20\x01\xff\x37\x1b\x03\xff\x5e\x40\x03\xff\xb6\x9c\x05\xff\xcd\xb1\x1e\xff\xe2\xb3\x04\xff\xde\xca\x04\xff\xde\xab\x1b\xff\xce\xb0\x05\xff\xa8\x80\x05\xff\x89\x6d\x05\xff\x95\x7f\x05\xff\xb6\x9c\x05\xff\xce\xb0\x05\xff\xde\xca\x1c\xff\x95\x7f\x05\xff\x23\x1b\x04\xff\x0b\x0b\x04\xff\x37\x1b\x03\xff") then
                    readability(abilities.overpower, true)
          elseif event:texturecompare(ax, ay + 30, "\x12\x0c\x09\xff\x12\x0c\x09\xff\x12\x0c\x09\xff\x2e\x15\x09\xff\x2d\x05\x03\xff\x01\x01\x02\xff\x01\x01\x02\xff\x01\x01\x02\xff\x12\x0c\x09\xff\x37\x1e\x17\xff\x2e\x15\x09\xff\x2e\x15\x09\xff\x27\x19\x1b\xff\x37\x1e\x17\xff\x46\x2f\x21\xff\x46\x2f\x21\xff\x46\x2f\x21\xff\x46\x2f\x21\xff\x46\x2f\x21\xff\x5f\x3e\x31\xff\x5f\x3e\x31\xff\x5f\x3e\x31\xff\x65\x4e\x3b\xff\x77\x4e\x3b\xff\x77\x4e\x3b\xff\x7e\x5f\x4a\xff\x8f\x63\x49\xff\xa4\x71\x57\xff\xa4\x71\x57\xff\xa7\x76\x67\xff\xac\x8c\x69\xff\xac\x8c\x69\xff\xac\x8c\x69\xff\xac\x8c\x69\xff\xbf\x8e\x6c\xff\xc7\x76\x5c\xff\xd3\x92\x61\xff\xe6\xbc\x9e\xff\xf9\xf8\xd8\xff\xf9\xc0\x99\xff\xee\x96\x61\xff\xa4\x71\x57\xff\x40\x68\x83\xff\x29\x81\xbc\xff\x40\xac\xdd\xff\x1f\x63\x99\xff\x09\x45\x6f\xff\x09\x45\x6f\xff\x08\x4d\x7b\xff\x09\x45\x6f\xff\x09\x45\x6f\xff\x04\x31\x5e\xff\x03\x2e\x4f\xff\x0b\x2a\x41\xff\x0d\x1d\x30\xff\x06\x15\x23\xff\x06\x15\x23\xff\x06\x15\x23\xff\x06\x15\x23\xff\x06\x15\x23\xff") then
                    readability(abilities.dbreath, true)
          elseif event:texturecompare(ax, ay + 30, "\x0a\x2e\x2f\xff\x06\x15\x23\xff\x0d\x37\x41\xff\x0e\x40\x50\xff\x10\x55\x68\xff\x16\x62\x4a\xff\x10\x55\x68\xff\x10\x55\x68\xff\x1e\x66\x6f\xff\x1e\x66\x6f\xff\x1e\x66\x6f\xff\x0e\x40\x50\xff\x0d\x37\x41\xff\x0d\x37\x41\xff\x3d\x5a\x6e\xff\x5c\x91\xbe\xff\x3f\x93\xd9\xff\x46\x6e\xb3\xff\x22\x4e\x80\xff\x19\x38\x5e\xff\x19\x38\x5e\xff\x19\x38\x5e\xff\x0e\x2f\x4f\xff\x0d\x1d\x30\xff\x06\x15\x23\xff\x06\x15\x23\xff\x07\x12\x1a\xff\x07\x12\x1a\xff\x02\x0a\x1c\xff\x02\x0a\x1c\xff\x06\x15\x23\xff\x06\x15\x23\xff\x0d\x1d\x30\xff\x0d\x1d\x30\xff\x0d\x1d\x30\xff\x0d\x1d\x30\xff\x0d\x1d\x30\xff\x0d\x1d\x30\xff\x0d\x1d\x30\xff\x0b\x2a\x41\xff\x19\x38\x5e\xff\x19\x38\x5e\xff\x19\x38\x5e\xff\x1e\x31\x4a\xff\x1e\x31\x4a\xff\x0b\x2a\x41\xff\x0e\x2f\x4f\xff\x1e\x31\x4a\xff\x19\x38\x5e\xff\x21\x48\x6e\xff\x22\x4e\x80\xff\x22\x4e\x80\xff\x22\x4e\x80\xff\x22\x4e\x80\xff\x22\x4e\x80\xff\x21\x48\x6e\xff\x18\x38\x6d\xff\x19\x38\x5e\xff\x21\x48\x6e\xff\x22\x3e\x50\xff") then
                    readability(abilities.tsunami, true)
          elseif event:texturecompare(ax, ay + 25, "\x2a\x14\x01\xff\x2a\x14\x01\xff\x2a\x14\x01\xff\x2a\x14\x01\xff\x2a\x14\x01\xff\x33\x1b\x01\xff\x43\x22\x02\xff\x4a\x22\x02\xff\x43\x22\x02\xff\x3a\x1c\x01\xff\x3b\x22\x02\xff\x43\x22\x02\xff\x80\x41\x16\xff\xae\x61\x1f\xff\xb7\x6d\x22\xff\xd7\x80\x29\xff\xd7\x80\x29\xff\xd7\x80\x29\xff\xd7\x80\x29\xff\xd7\x80\x29\xff\xd7\x80\x29\xff\xb7\x6d\x22\xff\x9f\x5b\x1c\xff\x5b\x35\x0b\xff\x4b\x2a\x04\xff\x3a\x1c\x01\xff\x3a\x1c\x01\xff\x43\x22\x02\xff\x6e\x39\x02\xff\x6e\x39\x02\xff\x5d\x29\x02\xff\x43\x22\x02\xff\x3a\x1c\x01\xff\x3a\x1c\x01\xff\x4b\x2a\x04\xff\x9f\x5b\x1c\xff\xd7\x80\x29\xff\xc9\x7d\x26\xff\x9f\x5b\x1c\xff\x8f\x53\x17\xff\xae\x61\x1f\xff\xb7\x6d\x22\xff\xb7\x6d\x22\xff\x9f\x5b\x1c\xff\x9e\x5b\x0e\xff\x8f\x53\x17\xff\x7f\x4d\x15\xff\x7f\x4d\x15\xff\x7f\x4d\x15\xff\x4a\x22\x02\xff\x33\x1b\x01\xff\x2a\x14\x01\xff\x2a\x14\x01\xff\x2a\x14\x01\xff\x2a\x14\x01\xff\x2b\x19\x01\xff\x33\x1b\x01\xff\x23\x12\x01\xff\x22\x0a\x02\xff\x3b\x23\x0d\xff") then
                    readbuff(buffs.berserk, true)
          elseif event:texturecompare(ax, ay + 25, "\x1b\x15\x0d\xff\x1b\x15\x0d\xff\x1b\x15\x0d\xff\x1b\x15\x0d\xff\x1b\x15\x0d\xff\x23\x1a\x0d\xff\x23\x1a\x0d\xff\x23\x1a\x0d\xff\x29\x1d\x0d\xff\x2d\x20\x0d\xff\x33\x23\x0d\xff\x3b\x29\x0d\xff\x3b\x29\x0d\xff\x42\x2c\x0d\xff\x46\x30\x0d\xff\x4b\x32\x0d\xff\x55\x39\x0d\xff\x5a\x3c\x0d\xff\x64\x41\x0d\xff\x6b\x46\x0d\xff\x7c\x51\x0d\xff\x82\x55\x0d\xff\x82\x55\x0d\xff\x8a\x59\x0d\xff\xab\x6c\x0d\xff\x9b\x64\x0d\xff\x21\x15\x0d\xff\x8f\x73\x61\xff\xef\xe2\xdc\xff\xd3\xaa\x91\xff\xbc\x7f\x5b\xff\xca\x8a\x64\xff\xb4\x79\x54\xff\xd3\x93\x6c\xff\xe1\xa3\x7b\xff\xe1\xa3\x7b\xff\xaa\x6d\x48\xff\x4c\x1e\x0d\xff\x1b\x15\x0d\xff\x44\x39\x16\xff\x91\x7f\x35\xff\x80\x6e\x2d\xff\x5d\x49\x1c\xff\x3b\x2d\x13\xff\x3b\x2d\x13\xff\x5d\x4d\x22\xff\x42\x32\x13\xff\x23\x1a\x0d\xff\x23\x1a\x0d\xff\x23\x1a\x0d\xff\x23\x1a\x0d\xff\x23\x1a\x0d\xff\x23\x1a\x0d\xff\x23\x1a\x0d\xff\x23\x1a\x0d\xff\x23\x1a\x0d\xff\x23\x1a\x0d\xff\x23\x1a\x0d\xff\x23\x1a\x0d\xff\x23\x1a\x0d\xff") then
                    readbuff(buffs.gbarge, true)
                    readability(abilities.gbarge, true)
          elseif event:texturecompare(ax, ay + 30, "\x19\x15\x0a\xff\x14\x0c\x04\xff\x1b\x15\x03\xff\x1b\x15\x03\xff\x19\x15\x0a\xff\x14\x12\x03\xff\x14\x12\x03\xff\x0b\x0b\x04\xff\x0b\x0b\x04\xff\x0b\x0b\x04\xff\x34\x24\x05\xff\x76\x50\x06\xff\x76\x50\x06\xff\x76\x50\x06\xff\x76\x50\x06\xff\x76\x50\x06\xff\x76\x50\x06\xff\x86\x5f\x0d\xff\x95\x62\x06\xff\xa8\x76\x1a\xff\xa8\x76\x1a\xff\xde\xab\x1b\xff\xf3\xb4\x1a\xff\xf3\xb4\x1a\xff\xf3\xb4\x1a\xff\xde\xab\x1b\xff\xcb\x9b\x05\xff\xcb\x9b\x05\xff\xcb\x9a\x1b\xff\xc9\xa4\x3e\xff\xbe\x7f\x3d\xff\xc1\x84\x19\xff\xde\xab\x1b\xff\xfa\xed\x1d\xff\xfa\xf1\x72\xff\xfa\xe8\xab\xff\xf9\xee\x91\xff\xfb\xef\x56\xff\xf6\xe7\x35\xff\xf7\xd7\x19\xff\xf7\xd7\x19\xff\xf2\xd0\x32\xff\xfb\xef\x56\xff\xfa\xf7\xc3\xff\xfd\xfd\xfc\xff\xfa\xe8\xab\xff\xf5\xd7\x06\xff\xde\xca\x04\xff\xde\xca\x04\xff\xde\xca\x04\xff\xf5\xd7\x06\xff\xf5\xd7\x06\xff\xde\xca\x04\xff\xde\xca\x04\xff\xde\xca\x04\xff\xcb\x9b\x05\xff\xbe\x81\x04\xff\xbe\x81\x04\xff\xbe\x81\x04\xff\xbe\x81\x04\xff") then
                    readbuff(buffs.meteor, true)
          end
        end
        if aw == 68 then
          if event:texturecompare(ax, ay + 34, "\x32\x3c\x21\xff\x32\x42\x22\xff\x32\x45\x26\xff\x34\x44\x27\xff\x34\x48\x2a\xff\x32\x4b\x2d\xff\x28\x50\x28\xff\x29\xb0\x14\xff\x28\x50\x24\xff\x2e\x58\x3b\xff\x2c\x60\x3d\xff\x26\x5a\x26\xff\x6d\xf9\x0f\xff\x2a\x8c\x14\xff\x27\x74\x1f\xff\x2a\x7c\x40\xff\x27\x87\x1a\xff\x54\xfc\x17\xff\x23\xf2\x3f\xff\x23\x71\x2c\xff\x2d\x78\x3e\xff\x2e\x84\x29\xff\x35\xf0\x09\xff\x42\xf9\x14\xff\x83\xfc\x3c\xff\x50\xf8\x38\xff\x58\xf9\x42\xff\x84\xfc\x5b\xff\x78\xfb\x5d\xff\x77\xfb\x66\xff\x9b\xfa\x84\xff\xa5\xf8\xb0\xff\x9d\xf9\xb3\xff\xae\xfa\xc2\xff\x9e\xf9\xb5\xff\x97\xf8\xae\xff\x91\xf7\x9c\xff\x8e\xfb\x79\xff\x6d\xf9\x5c\xff\x6f\xf9\x53\xff\x81\xfb\x51\xff\x4d\xf7\x3b\xff\x49\xf7\x31\xff\x54\xf9\x33\xff\x3a\xf6\x12\xff\x36\xe3\x0b\xff\x38\xcd\x0b\xff\x68\xef\x1f\xff\x26\x89\x33\xff\x25\x71\x34\xff\x4b\xb4\x0a\xff\x70\xf9\x14\xff\x27\x7f\x30\xff\x2d\x7c\x40\xff\x29\x6d\x23\xff\x2a\xbc\x13\xff\x6f\xde\x03\xff\x65\xc4\x05\xff\x82\xd6\x03\xff\x27\x64\x24\xff\x2e\x5a\x35\xff\x2d\x57\x31\xff\x2e\x4f\x2e\xff\x33\x48\x29\xff\x34\x44\x26\xff\x34\x40\x23\xff\x33\x3f\x20\xff\x32\x3d\x1f\xff") then
                    readbuff(buffs.balancebyforce, true)
            end
        end
        if aw == 81 then
            if event:texturecompare(ax, ay + 45, "\x00\x00\x00\x00\x00\x00\x00\x00\x00\x00\x00\x00\x00\x00\x00\x00\x00\x00\x00\x00\x00\x00\x00\x00\x00\x00\x00\x00\x00\x00\x00\x00\x00\x00\x00\x00\x00\x00\x00\x00\x00\x00\x00\x00\x00\x00\x00\x00\x00\x00\x00\x00\x00\x00\x00\x00\x00\x00\x00\x00\x00\x00\x00\x00\x00\x00\x00\x00\x00\x00\x00\x01\x00\x00\x00\x04\x00\x00\x00\x0b\x00\x00\x00\x16\x00\x00\x00\x24\x04\x06\x08\x37\xa9\xd2\xf3\xf8\xaf\xd9\xf6\xff\xb1\xdd\xf7\xff\xb3\xe0\xf6\xff\xb5\xe3\xf5\xff\xb6\xe4\xf6\xff\xb8\xe7\xf4\xff\xb9\xe9\xf4\xff\xb9\xe9\xf4\xff\xb9\xe9\xf4\xff\xb9\xe9\xf4\xff\xb9\xe9\xf4\xff\xb9\xe9\xf4\xff\xb9\xe9\xf4\xff\xb9\xe9\xf4\xff\xb9\xe9\xf4\xff\xbb\xea\xf5\xff\xd1\xf1\xf8\xff\xfa\xfe\xfd\xff\xfa\xfe\xfc\xff\xfa\xfe\xfc\xff\xf1\xf8\xf5\xff\xc9\xd9\xd5\xff\xc4\xd6\xd0\xff\xc4\xd5\xd1\xff\xc4\xd6\xd1\xff\xc4\xd6\xd2\xff\xc4\xd6\xd2\xff\xc4\xd6\xd2\xff\xc4\xd6\xd2\xff\xc4\xd6\xd2\xff\xc4\xd5\xd1\xff\xad\xbb\xbc\xff\x81\x7b\x87\xff\x7f\x71\x84\xff\x7e\x6e\x86\xff\x7e\x6d\x89\xff\x7e\x6c\x8d\xff\x65\x7d\xa5\xff\x2d\x64\x7f\x80\x00\x00\x00\x2e\x00\x00\x00\x1e\x00\x00\x00\x12\x00\x00\x00\x08\x00\x00\x00\x03\x00\x00\x00\x01\x00\x00\x00\x00\x00\x00\x00\x00\x00\x00\x00\x00\x00\x00\x00\x00\x00\x00\x00\x00\x00\x00\x00\x00\x00\x00\x00\x00\x00\x00\x00\x00\x00\x00\x00\x00\x00\x00\x00\x00\x00\x00\x00\x00\x00\x00\x00\x00") then
                readbuff(buffs.incitefear, true)
                readbuff(buffs.glacialembrace, false)
            elseif event:texturecompare(ax, ay + 40, "\x27\x37\x3d\xff\x25\x36\x3b\xff\x26\x35\x3b\xff\x26\x35\x3a\xff\x26\x34\x3a\xff\x26\x36\x3b\xff\x26\x36\x3b\xff\x27\x35\x3b\xff\x27\x35\x3b\xff\x27\x36\x3b\xff\x27\x36\x3b\xff\x27\x36\x3b\xff\x27\x36\x3b\xff\x27\x36\x3b\xff\x27\x36\x3b\xff\x28\x37\x3c\xff\x28\x37\x3c\xff\x28\x37\x3c\xff\x28\x37\x3c\xff\x28\x37\x3c\xff\x28\x37\x3c\xff\x28\x37\x3c\xff\x29\x37\x3c\xff\x29\x37\x3c\xff\x29\x37\x3c\xff\x29\x37\x3c\xff\x29\x37\x3c\xff\x29\x37\x3c\xff\x29\x37\x3c\xff\x28\x37\x3c\xff\x28\x37\x3b\xff\x28\x37\x3b\xff\x28\x37\x3b\xff\x28\x37\x3b\xff\x27\x37\x3a\xff\x27\x36\x3a\xff\x27\x36\x3a\xff\x27\x36\x39\xff\x27\x36\x39\xff\x27\x36\x38\xff\x27\x36\x38\xff\x27\x35\x38\xff\x27\x35\x38\xff\x27\x35\x37\xff\x26\x34\x37\xff\x27\x35\x38\xff\x27\x35\x38\xff\x27\x35\x38\xff\x27\x36\x39\xff\x27\x37\x3b\xff\x28\x3b\x42\xff\x2b\x41\x4b\xff\x2f\x4e\x60\xff\x39\x65\x86\xff\x60\xa3\xc4\xff\xa0\xed\xf3\xff\xa7\xf0\xf5\xff\xa9\xf0\xf5\xff\xa7\xf1\xf6\xff\x69\xb5\xd3\xff\x44\x87\xb2\xff\x42\x83\xad\xff\x43\x87\xb2\xff\x53\x9d\xc4\xff\xa0\xee\xf5\xff\xa6\xf0\xf5\xff\xa3\xf0\xf5\xff\x9a\xeb\xf3\xff\x5c\x9f\xc0\xff\x36\x62\x81\xff\x2d\x4d\x5f\xff\x26\x3c\x46\xff\x24\x36\x3c\xff\x22\x32\x37\xff\x21\x31\x35\xff\x21\x30\x35\xff\x22\x31\x36\xff\x22\x32\x38\xff\x23\x34\x3c\xff\x25\x37\x42\xff\x28\x3c\x4b\xff") then
                    readbuff(buffs.wenstack, true)
            elseif event:texturecompare(ax, ay + 25, "\x2b\x3c\x41\xff\x29\x39\x3b\xff\x29\x37\x39\xff\x29\x37\x37\xff\x29\x36\x37\xff\x29\x36\x36\xff\x29\x36\x36\xff\x29\x36\x36\xff\x29\x36\x38\xff\x29\x36\x37\xff\x29\x35\x37\xff\x29\x38\x36\xff\x2c\x52\x1f\xff\x2c\x52\x1d\xff\x2f\x5b\x1e\xff\x4e\xb9\x27\xff\x51\xc2\x28\xff\x51\xc0\x28\xff\x51\xc0\x28\xff\x52\xc2\x28\xff\x4f\xb9\x27\xff\x2f\x5b\x1e\xff\x2c\x52\x1d\xff\x2c\x52\x1f\xff\x2a\x39\x36\xff\x2a\x36\x37\xff\x2a\x37\x37\xff\x2a\x37\x37\xff\x2a\x37\x38\xff\x2a\x37\x38\xff\x2a\x36\x37\xff\x2a\x37\x38\xff\x2b\x39\x3b\xff\x2d\x3d\x41\xff\x30\x44\x4c\xff\x35\x50\x69\xff\x61\xa8\xcb\xff\x9c\xff\xff\xff\xa1\xff\xff\xff\xa7\xff\xff\xff\xab\xff\xff\xff\xac\xff\xff\xff\xa4\xff\xff\xff\x94\xff\xff\xff\x99\xff\xff\xff\x9c\xff\xff\xff\xaa\xff\xff\xff\xab\xff\xff\xff\xa6\xff\xff\xff\x8c\xfc\xff\xff\x75\xf7\xff\xff\x71\xf5\xff\xff\x70\xf3\xff\xff\x6f\xf2\xff\xff\x6d\xf1\xff\xff\x6c\xef\xff\xff\x6b\xee\xff\xff\x6a\xed\xff\xff\x69\xea\xff\xff\x67\xe9\xff\xff\x64\xe4\xff\xff\x58\xc3\xf2\xff\x44\x90\xcb\xff\x38\x73\xa9\xff\x35\x6a\x95\xff\x33\x62\x84\xff\x31\x5a\x76\xff\x30\x54\x6c\xff\x2e\x4e\x62\xff\x31\x51\x68\xff\x41\x6b\x92\xff\x52\x85\xbb\xff\x56\x8c\xc0\xff\x57\x8a\xbc\xff\x58\x8c\xbd\xff\x58\x8d\xbd\xff\x58\x8c\xbc\xff\x58\x8c\xbb\xff\x58\x8c\xbb\xff\x57\x8b\xba\xff\x53\x86\xb4\xff") then
                    readbuff(buffs.wenactive, true)
            elseif event:texturecompare(ax, ay + 40, "\x31\x35\x1d\xff\x31\x36\x1d\xff\x31\x37\x1d\xff\x31\x39\x1c\xff\x31\x3a\x1c\xff\x31\x3c\x1c\xff\x31\x3d\x1b\xff\x31\x3f\x1b\xff\x31\x40\x1b\xff\x31\x42\x19\xff\x31\x44\x18\xff\x31\x46\x18\xff\x31\x49\x18\xff\x30\x4a\x18\xff\x30\x49\x18\xff\x30\x48\x18\xff\x30\x48\x18\xff\x30\x48\x19\xff\x30\x48\x19\xff\x30\x48\x18\xff\x30\x48\x19\xff\x30\x49\x1a\xff\x30\x49\x1b\xff\x2e\x4c\x1f\xff\x2c\x51\x24\xff\x2a\x58\x2d\xff\x27\x61\x3a\xff\x27\x62\x3c\xff\x29\x5c\x34\xff\x2c\x56\x2a\xff\x2e\x51\x22\xff\x2f\x4a\x1c\xff\x30\x48\x18\xff\x2f\x4b\x1a\xff\x2e\x51\x20\xff\x2c\x5b\x27\xff\x24\x71\x31\xff\x62\xbf\x29\xff\xd1\xfe\x10\xff\xde\xff\x10\xff\xe0\xff\x10\xff\xde\xff\x10\xff\xd0\xfe\x11\xff\x62\xbf\x28\xff\x25\x71\x2f\xff\x2d\x5a\x25\xff\x2f\x51\x1e\xff\x2f\x4b\x19\xff\x2f\x49\x19\xff\x2f\x4d\x1d\xff\x2e\x52\x24\xff\x2b\x58\x2c\xff\x29\x5d\x36\xff\x28\x65\x3e\xff\x28\x63\x3b\xff\x2b\x57\x2e\xff\x2d\x51\x24\xff\x2e\x4e\x1f\xff\x30\x4b\x1b\xff\x30\x49\x1a\xff\x30\x48\x19\xff\x30\x48\x18\xff\x30\x48\x18\xff\x30\x48\x18\xff\x30\x48\x18\xff\x30\x48\x18\xff\x30\x49\x18\xff\x30\x4a\x18\xff\x31\x49\x18\xff\x31\x46\x18\xff\x31\x44\x18\xff\x31\x42\x19\xff\x31\x40\x1b\xff\x31\x3e\x1b\xff\x31\x3d\x1b\xff\x31\x3c\x1c\xff\x31\x3b\x1c\xff\x31\x39\x1c\xff\x31\x38\x1d\xff\x31\x36\x1d\xff\x31\x35\x1d\xff") then
                    readbuff(buffs.perfectequilibrium, true)
            end
        end
        if aw == 72 then
            if event:texturecompare(ax, ay + 45, "\xe2\x2c\x2d\xff\xc4\xac\x03\xff\xef\xcf\x1c\xff\xf8\xd7\x1c\xff\xfd\xde\x1f\xff\xfb\xdb\x17\xff\xff\xe0\x1a\xff\xfc\xdc\x25\xff\xff\xde\x22\xff\xff\xdf\x0a\xff\xff\xd2\x0c\xff\xcc\x55\x0a\xff\xc7\x4a\x0b\xff\xfd\xc4\x10\xff\xed\x86\x0f\xff\xdb\x5e\x10\xff\xdd\x68\x12\xff\xdb\x60\x13\xff\xd8\x4f\x13\xff\xea\x91\x1c\xff\xff\xe4\x2d\xff\xf6\x99\x20\xff\xf1\x76\x1b\xff\xf9\xca\x2c\xff\xfa\xd3\x28\xff\xff\xec\x24\xff\xff\xce\x26\xff\xf4\x70\x21\xff\xe4\x51\x20\xff\xbb\x45\x1f\xff\xba\x44\x20\xff\xb7\x41\x21\xff\xba\x47\x22\xff\xb9\x3e\x22\xff\x9c\x31\x20\xff\x9c\x33\x22\xff\xa3\x35\x22\xff\xaf\x37\x22\xff\xaa\x37\x22\xff\x7f\x16\x1d\xff\xcd\x48\x22\xff\xff\xf3\x2f\xff\xfc\xb2\x29\xff\xc4\x1d\x1d\xff\xc0\x45\x1f\xff\xc6\x43\x1e\xff\xd8\x4b\x1f\xff\xfe\xbb\x23\xff\xff\xd3\x23\xff\xff\xe3\x21\xff\xff\xe7\x1f\xff\xff\xdd\x1e\xff\xff\xe4\x1c\xff\xf6\x9f\x19\xff\xc7\x27\x10\xff\xce\x46\x12\xff\xd3\x52\x11\xff\xd1\x4e\x0f\xff\xcb\x47\x0e\xff\xc9\x45\x0c\xff\xcb\x47\x0b\xff\xd2\x52\x0a\xff\xcf\x4d\x08\xff\xc5\x43\x06\xff\xcd\x51\x06\xff\xe1\x62\x04\xff\xeb\x65\x00\xff\xd2\x3c\x00\xff\xea\x75\x00\xff\xf1\xb3\x00\xff\xbc\x6a\x00\xff\xe2\x2d\x2d\xff") then
                    readbuff(buffs.conflagrate, true)
            end
        end
        if aw == 120 then
            if event:texturecompare(ax, ay + 50, "\x3c\x1d\x8d\xff\x3d\x1e\x8f\xff\x3f\x1e\x91\xff\x3f\x1f\x93\xff\x40\x1f\x94\xff\x41\x20\x96\xff\x42\x21\x98\xff\x42\x20\x9a\xff\x44\x21\x9b\xff\x44\x21\x9b\xff\x46\x22\x9d\xff\x48\x23\x9e\xff\x48\x24\x9e\xff\x49\x25\x9f\xff\x4a\x25\xa1\xff\x4c\x25\xa3\xff\x50\x25\xa6\xff\x57\x24\xab\xff\x62\x24\xb2\xff\x74\x24\xbb\xff\x90\x26\xc5\xff\xba\x2e\xcf\xff\xc3\x2d\xc8\xff\x95\x23\xb1\xff\x88\x21\xab\xff\x71\x1c\xa3\xff\x4a\x14\x94\xff\x3d\x11\x91\xff\x30\x0f\x87\xff\x23\x0e\x73\xff\x26\x10\x76\xff\x32\x16\x82\xff\x4c\x21\xa0\xff\x7f\x2f\xbb\xff\xb1\x42\xd0\xff\xce\x67\xe0\xff\xea\xbd\xf3\xff\xfc\xff\xfc\xff\xfb\xfb\xfb\xff\xfb\xfb\xfb\xff\xfb\xfb\xfb\xff\xfc\xff\xfb\xff\xf7\xec\xfa\xff\xe7\xb8\xf4\xff\xe9\xbb\xf2\xff\xe5\xa0\xeb\xff\xe4\x91\xe8\xff\xe7\x8d\xe8\xff\xc9\x64\xd8\xff\xa6\x4d\xcb\xff\x83\x39\xbd\xff\x39\x17\x83\xff\x14\x08\x5b\xff\x0e\x08\x54\xff\x0b\x07\x3a\xff\x08\x07\x0c\xff\x07\x07\x07\xff\x07\x07\x08\xff\x07\x07\x08\xff\x08\x07\x08\xff\x08\x07\x21\xff\x0b\x08\x50\xff\x0e\x09\x57\xff\x16\x08\x62\xff\x45\x1d\x93\xff\x65\x30\xb3\xff\x7c\x32\xb9\xff\xc3\x56\xd6\xff\xe8\x8d\xe9\xff\xe3\x8e\xe8\xff\xe6\xa0\xec\xff\xef\xc8\xf3\xff\xf1\xd3\xf5\xff\xf1\xd4\xf5\xff\xf1\xd4\xf5\xff\xf1\xd3\xf5\xff\xee\xc3\xf2\xff\xe3\x99\xea\xff\xe4\x8d\xe9\xff\xe7\x86\xe9\xff\xcb\x4e\xd8\xff\x7c\x2f\xb9\xff\x5f\x2d\xae\xff\x37\x18\x86\xff\x1b\x0b\x64\xff\x27\x0d\x69\xff\x57\x16\x90\xff\x74\x1c\xa6\xff\x8d\x20\xb1\xff\xab\x26\xc0\xff\xb8\x29\xc8\xff\xbc\x2b\xce\xff\xb7\x2b\xd0\xff\xaa\x29\xcd\xff\x98\x26\xc9\xff\x83\x23\xc2\xff\x6a\x23\xb7\xff\x5d\x24\xaf\xff\x53\x24\xa9\xff\x4c\x25\xa4\xff\x4a\x25\xa1\xff\x48\x23\x9f\xff\x46\x23\x9d\xff\x45\x23\x9b\xff\x44\x22\x9a\xff\x44\x21\x98\xff\x42\x21\x97\xff\x42\x21\x95\xff\x40\x21\x94\xff\x3f\x20\x92\xff\x3f\x20\x91\xff\x3e\x1f\x8f\xff\x3d\x1e\x8e\xff\x3c\x1e\x8b\xff\x3b\x1e\x89\xff\x3a\x1d\x89\xff\x39\x1d\x87\xff\x39\x1c\x84\xff\x39\x1c\x82\xff\x38\x1c\x80\xff") then
                    readbuff(buffs.livingdeath, true)
              elseif event:texturecompare(ax, ay + 60, "\x18\x11\x35\xff\x18\x11\x37\xff\x19\x11\x38\xff\x18\x11\x39\xff\x19\x11\x3a\xff\x19\x11\x3d\xff\x19\x12\x3f\xff\x1a\x12\x41\xff\x1a\x13\x42\xff\x1b\x13\x43\xff\x1c\x13\x44\xff\x1c\x13\x46\xff\x1e\x14\x49\xff\x1f\x14\x4c\xff\x21\x13\x51\xff\x23\x14\x57\xff\x25\x14\x5e\xff\x27\x14\x69\xff\x2a\x13\x76\xff\x2d\x12\x82\xff\x30\x12\x91\xff\x32\x11\xa1\xff\x3a\x10\xb2\xff\x4e\x0f\xc3\xff\x43\x1a\x80\xff\x2a\x20\x33\xff\x36\x24\x3e\xff\x4b\x2d\x53\xff\x6f\x3d\x6f\xff\x93\x5b\x92\xff\xa5\x68\xbd\xff\xa5\x65\xc2\xff\xa8\x53\xdd\xff\x7d\x30\xcf\xff\x50\x12\xbe\xff\x3e\x10\xbb\xff\x3a\x11\xb8\xff\x3b\x11\xb9\xff\x3b\x11\xb9\xff\x3b\x11\xb9\xff\x3b\x12\xb9\xff\x3c\x12\xb9\xff\x44\x10\xc0\xff\x55\x16\xbb\xff\x4c\x2b\x74\xff\x44\x2a\x58\xff\x45\x29\x55\xff\x50\x2f\x5f\xff\x66\x38\x6f\xff\x80\x45\x81\xff\x8f\x50\x8e\xff\x8c\x4c\x91\xff\x92\x4b\xa3\xff\x92\x39\xd2\xff\x57\x14\xcb\xff\x3f\x14\xb6\xff\x3a\x16\xaa\xff\x39\x17\xa0\xff\x37\x18\x97\xff\x35\x18\x91\xff\x33\x17\x8e\xff\x34\x18\x8b\xff\x34\x18\x8b\xff\x34\x18\x8d\xff\x36\x17\x92\xff\x39\x17\x9a\xff\x3b\x16\xa2\xff\x3f\x15\xac\xff\x42\x13\xb6\xff\x48\x15\xbf\xff\x5e\x21\xd4\xff\x67\x26\xdc\xff\x67\x25\xdc\xff\x67\x25\xdd\xff\x68\x25\xdf\xff\x6a\x26\xe1\xff\x6a\x26\xe1\xff\x6a\x26\xe1\xff\x6c\x26\xe3\xff\x6d\x27\xe5\xff\x6e\x27\xe5\xff\x6f\x27\xe6\xff\x71\x28\xe8\xff\x6c\x25\xe5\xff\x5a\x1a\xd8\xff\x4d\x15\xcc\xff\x49\x16\xc5\xff\x47\x19\xbe\xff\x45\x1b\xb6\xff\x42\x1c\xb0\xff\x41\x1d\xab\xff\x40\x1f\xa6\xff\x3f\x1f\xa2\xff\x3d\x20\x9e\xff\x3d\x21\x9b\xff\x3c\x21\x99\xff\x3b\x22\x97\xff\x3a\x22\x97\xff\x3a\x23\x97\xff\x3b\x24\x97\xff\x3d\x23\x98\xff\x3d\x24\x98\xff\x3e\x25\x99\xff\x3e\x26\x99\xff\x3e\x26\x98\xff\x3f\x27\x98\xff\x40\x27\x9a\xff\x40\x26\x9a\xff\x40\x26\x9a\xff\x40\x26\x99\xff\x3f\x26\x9a\xff\x3f\x26\x9a\xff\x3f\x26\x97\xff\x3e\x25\x96\xff\x3d\x25\x95\xff\x3d\x25\x95\xff\x3c\x26\x94\xff\x3c\x26\x95\xff\x3c\x25\x94\xff\x3b\x25\x92\xff") then
                    readability(abilities.necroauto, true)
              elseif event:texturecompare(ax, ay + 60, "\x3b\x20\x5b\xff\x3e\x20\x5c\xff\x40\x21\x5e\xff\x43\x21\x5f\xff\x44\x23\x5f\xff\x47\x23\x61\xff\x4c\x24\x65\xff\x4b\x30\x6e\xff\x43\x47\x83\xff\x3d\x56\x8e\xff\x3d\x5b\x94\xff\x3e\x5d\x96\xff\x40\x5f\x97\xff\x41\x5f\x98\xff\x44\x5d\x99\xff\x52\x51\x91\xff\x72\x2f\x79\xff\x74\x30\x78\xff\x76\x31\x7b\xff\x79\x32\x7d\xff\x7c\x32\x80\xff\x77\x33\x83\xff\x5f\x2c\x86\xff\x46\x25\x8e\xff\x44\x24\x90\xff\x44\x27\x93\xff\x3d\x44\xa2\xff\x37\x5b\xad\xff\x3d\x61\xae\xff\x43\x65\xaf\xff\x42\x65\xb1\xff\x40\x64\xb2\xff\x3e\x64\xb3\xff\x3e\x64\xb4\xff\x3e\x65\xb5\xff\x45\x67\xb3\xff\x6e\x8b\xa5\xff\x68\x7f\x97\xff\x62\x75\x8c\xff\x54\x63\x77\xff\x44\x4d\x60\xff\x3e\x48\x5c\xff\x3c\x46\x59\xff\x3b\x44\x57\xff\x3a\x43\x56\xff\x38\x42\x55\xff\x37\x41\x54\xff\x36\x40\x53\xff\x35\x40\x52\xff\x33\x3e\x51\xff\x32\x3d\x4d\xff\x2a\x33\x43\xff\x24\x2d\x3d\xff\x23\x2c\x3c\xff\x22\x2b\x3a\xff\x23\x29\x39\xff\x26\x2d\x3f\xff\x30\x36\x51\xff\x5b\x37\x7a\xff\x7f\x36\xa7\xff\x4f\x54\x65\xff\x4f\x56\x61\xff\x4e\x56\x60\xff\x4c\x58\x5e\xff\x4c\x57\x5e\xff\x4e\x5b\x64\xff\x54\x65\x6e\xff\x55\x65\x70\xff\x56\x69\x75\xff\x5d\x72\x81\xff\x5b\x72\x82\xff\x55\x6a\x77\xff\x4e\x61\x6b\xff\x4d\x5e\x69\xff\x4e\x5f\x69\xff\x4e\x5f\x69\xff\x4e\x5f\x69\xff\x4e\x5f\x69\xff\x4d\x60\x69\xff\x4b\x61\x6a\xff\x4b\x62\x6b\xff\x4a\x63\x6d\xff\x4a\x66\x70\xff\x4a\x6d\x77\xff\x4a\x75\x7d\xff\x4b\x7e\x86\xff\x4a\x87\x8d\xff\x4b\x90\x97\xff\x4c\x99\x9f\xff\x4b\xa4\xaa\xff\x4c\xae\xb3\xff\x4b\xb5\xb9\xff\x4e\xc1\xc4\xff\x55\xd1\xd4\xff\x5d\xdb\xe1\xff\x6c\xd8\xee\xff\x69\xde\xf2\xff\x67\xe3\xf4\xff\x69\xe6\xf5\xff\x70\xe8\xf6\xff\x7a\xeb\xf6\xff\x88\xee\xf7\xff\x94\xf1\xf8\xff\xa0\xf6\xf9\xff\xa9\xf9\xfa\xff\xb6\xfa\xfb\xff\xc0\xfb\xfc\xff\xcb\xfb\xfc\xff\xd2\xfb\xfc\xff\xd7\xfc\xfd\xff\xdd\xfd\xfd\xff\xe2\xfc\xfd\xff\xe1\xfb\xfd\xff\xe0\xf9\xfc\xff\xdc\xf6\xf9\xff\xbd\xca\xf1\xff\x80\x5b\xda\xff\x70\x43\xd2\xff\x68\x3b\xd1\xff\x65\x37\xcf\xff") then
                    readability(abilities.cmdphant, true)
              elseif event:texturecompare(ax, ay + 60, "\x37\x33\x56\xff\x38\x33\x57\xff\x38\x33\x58\xff\x39\x33\x59\xff\x39\x32\x5b\xff\x3b\x33\x5f\xff\x40\x34\x66\xff\x48\x36\x70\xff\x55\x38\x81\xff\x63\x3b\x92\xff\x6d\x3f\x9b\xff\x7a\x43\xa9\xff\x87\x46\xb7\xff\x8c\x46\xbd\xff\x8b\x45\xbf\xff\x8b\x42\xc0\xff\x8a\x40\xc2\xff\x8a\x3e\xc4\xff\x89\x3c\xc5\xff\x89\x3b\xc7\xff\x89\x39\xc8\xff\x88\x37\xca\xff\x88\x35\xcb\xff\x87\x33\xcd\xff\x86\x31\xce\xff\x86\x2e\xd0\xff\x87\x2c\xd3\xff\x87\x26\xdc\xff\x87\x52\xa8\xff\x84\xb2\x2e\xff\x8a\xb8\x34\xff\x94\xc4\x35\xff\x9f\xd0\x36\xff\xaa\xdb\x37\xff\xa4\xd7\x37\xff\x95\xc7\x37\xff\x88\xbb\x36\xff\x85\xba\x35\xff\x6c\x96\x30\xff\x47\x5c\x26\xff\x45\x59\x26\xff\x44\x56\x26\xff\x42\x54\x26\xff\x41\x52\x25\xff\x40\x51\x25\xff\x40\x50\x24\xff\x40\x51\x24\xff\x3e\x50\x24\xff\x4b\x67\x28\xff\x74\xad\x32\xff\x86\xc0\x33\xff\xa5\xd8\x33\xff\xc8\xf3\x35\xff\xac\xd8\x33\xff\x4f\x69\x28\xff\x43\x54\x25\xff\x6b\x8b\x2f\xff\x90\xc0\x37\xff\x8e\xbc\x36\xff\x54\x6a\x28\xff\x37\x42\x21\xff\x34\x3e\x20\xff\x46\x5d\x26\xff\x80\xb8\x32\xff\x93\xcc\x33\xff\x9b\xd0\x34\xff\x87\xbe\x34\xff\x72\xa5\x32\xff\x4a\x64\x27\xff\x43\x56\x25\xff\x43\x57\x26\xff\x44\x57\x26\xff\x44\x57\x26\xff\x46\x59\x26\xff\x46\x5a\x26\xff\x4f\x67\x28\xff\x76\xa4\x33\xff\x7e\xae\x34\xff\x86\xb8\x37\xff\x8e\xc0\x39\xff\x8e\xbf\x38\xff\x97\xc7\x3b\xff\x99\xd1\x33\xff\x96\x91\x7a\xff\x94\x2c\xf0\xff\x93\x33\xe6\xff\x92\x32\xe3\xff\x90\x31\xe1\xff\x8f\x31\xdf\xff\x8f\x31\xdd\xff\x8d\x31\xd9\xff\x84\x32\xce\xff\x7a\x31\xc3\xff\x71\x31\xba\xff\x6b\x30\xb2\xff\x65\x30\xac\xff\x5f\x2f\xa6\xff\x5a\x2f\xa0\xff\x56\x30\x9a\xff\x54\x31\x96\xff\x53\x32\x92\xff\x54\x33\x90\xff\x56\x35\x8f\xff\x59\x36\x8f\xff\x5c\x38\x8e\xff\x5d\x3b\x8d\xff\x61\x3e\x8e\xff\x66\x42\x90\xff\x6c\x46\x92\xff\x71\x4a\x93\xff\x75\x4d\x94\xff\x79\x50\x94\xff\x7c\x53\x94\xff\x7e\x56\x94\xff\x81\x58\x92\xff\x81\x5a\x91\xff\x81\x5c\x8e\xff\x80\x5d\x8a\xff\x7e\x5e\x86\xff\x7c\x5e\x82\xff") then
                    readability(abilities.bloat, true)
              elseif event:texturecompare(ax, ay + 60, "\x42\xbb\x92\xff\x43\xc2\x94\xff\x44\xc6\x97\xff\x45\xc9\x98\xff\x46\xcb\x99\xff\x46\xd3\x9c\xff\x42\xdc\x9e\xff\x37\xd5\x97\xff\x34\xd3\x95\xff\x42\xe4\xa1\xff\x4c\xef\xab\xff\x4d\xf0\xab\xff\x4c\xf0\xaa\xff\x4d\xf2\xac\xff\x52\xf6\xb0\xff\x53\xf7\xb0\xff\x53\xf7\xb0\xff\x53\xf7\xb0\xff\x53\xf7\xb0\xff\x53\xf7\xb0\xff\x52\xf6\xb0\xff\x4e\xf3\xad\xff\x4f\xf1\xad\xff\x50\xf1\xae\xff\x51\xe9\xad\xff\x38\x7a\x6f\xff\x2b\x2d\x4a\xff\x2b\x2c\x4d\xff\x29\x2a\x46\xff\x29\x27\x43\xff\x29\x23\x3d\xff\x26\x21\x36\xff\x20\x17\x26\xff\x1f\x14\x23\xff\x1d\x14\x21\xff\x1c\x16\x20\xff\x1a\x18\x1e\xff\x19\x19\x1d\xff\x19\x1a\x1d\xff\x1c\x22\x1f\xff\x25\x2a\x27\xff\x25\x2b\x28\xff\x24\x2f\x27\xff\x22\x35\x26\xff\x1f\x3b\x22\xff\x1c\x40\x1e\xff\x1c\x3f\x1e\xff\x1c\x40\x1e\xff\x1c\x42\x1e\xff\x1b\x42\x1e\xff\x1c\x41\x1e\xff\x1b\x41\x1e\xff\x1c\x3f\x1d\xff\x1d\x3b\x1d\xff\x1d\x39\x1d\xff\x1d\x37\x1c\xff\x1d\x35\x1c\xff\x1d\x35\x1c\xff\x1d\x35\x1c\xff\x1d\x34\x1c\xff\x1d\x34\x1c\xff\x1d\x34\x1b\xff\x1c\x32\x19\xff\x1b\x2e\x17\xff\x1a\x2b\x17\xff\x1b\x26\x17\xff\x19\x21\x16\xff\x19\x1e\x16\xff\x18\x1c\x17\xff\x19\x1a\x1a\xff\x19\x1a\x1b\xff\x1a\x1b\x1c\xff\x1b\x1a\x1e\xff\x1d\x1a\x1e\xff\x1e\x1a\x22\xff\x20\x1a\x26\xff\x21\x1a\x29\xff\x22\x1a\x2c\xff\x23\x1a\x2f\xff\x23\x19\x32\xff\x24\x1a\x35\xff\x25\x1a\x39\xff\x25\x1a\x3b\xff\x25\x1a\x3d\xff\x26\x1a\x3e\xff\x26\x1a\x40\xff\x27\x1c\x42\xff\x2a\x1e\x46\xff\x2c\x22\x4b\xff\x2c\x24\x4c\xff\x2f\x25\x4e\xff\x2f\x28\x4f\xff\x33\x38\x58\xff\x77\xc7\xc6\xff\x56\xed\xc3\xff\x3d\xea\xac\xff\x37\xe6\xa1\xff\x30\xe3\x9d\xff\x29\xd4\x94\xff\x2b\xb2\x89\xff\x2c\x9b\x82\xff\x2c\x89\x7c\xff\x2e\x7c\x78\xff\x2f\x77\x76\xff\x30\x75\x76\xff\x30\x73\x76\xff\x2f\x79\x78\xff\x2e\x7e\x7a\xff\x2d\x85\x7c\xff\x28\xa4\x81\xff\x24\xba\x87\xff\x24\xb9\x87\xff\x24\xb7\x87\xff\x25\xb7\x86\xff\x25\xb5\x85\xff\x25\xb4\x84\xff\x26\xb1\x84\xff\x27\xac\x84\xff\x29\xa3\x84\xff\x2e\x8f\x88\xff") then
                    readability(abilities.cmdzom, true)
              elseif event:texturecompare(ax, ay + 60, "\x45\x24\x89\xff\x45\x25\x8a\xff\x46\x25\x8b\xff\x47\x25\x8e\xff\x48\x26\x8f\xff\x49\x26\x8e\xff\x4b\x27\x8e\xff\x4c\x27\x8f\xff\x4d\x27\x8f\xff\x4e\x28\x8e\xff\x4f\x29\x8e\xff\x51\x29\x8f\xff\x52\x2a\x8e\xff\x53\x2b\x8e\xff\x55\x2d\x8d\xff\x57\x2e\x8c\xff\x57\x2e\x8b\xff\x65\x3a\x7d\xff\x71\x42\x74\xff\x71\x42\x71\xff\x73\x44\x6c\xff\x78\x47\x69\xff\x44\x28\x3d\xff\x17\x10\x19\xff\x14\x10\x15\xff\x13\x0f\x14\xff\x14\x0f\x16\xff\x13\x0f\x17\xff\x13\x0f\x16\xff\x14\x0f\x17\xff\x13\x10\x14\xff\x14\x10\x14\xff\x16\x11\x14\xff\x1a\x13\x14\xff\x1a\x13\x14\xff\x3a\x27\x1d\xff\xb5\x74\x3c\xff\xc4\x7f\x3d\xff\xca\x85\x3b\xff\xc1\x7e\x39\xff\x4f\x2d\x2c\xff\x39\x1d\x29\xff\x36\x1d\x26\xff\x32\x1a\x24\xff\x33\x1a\x22\xff\x3a\x1b\x1e\xff\x44\x1f\x1c\xff\x4f\x25\x19\xff\x72\x2f\x11\xff\x95\x43\x12\xff\xdf\xb5\x20\xff\xf5\xe9\x20\xff\xf0\xe1\x20\xff\xec\xda\x23\xff\xed\xdb\x24\xff\xed\xde\x23\xff\xee\xe0\x22\xff\xef\xe1\x21\xff\xf0\xe3\x21\xff\xf0\xe4\x20\xff\xf0\xe5\x20\xff\xf1\xe6\x1e\xff\xf1\xe7\x1e\xff\xf1\xe7\x1e\xff\xf1\xe8\x1e\xff\xf1\xe7\x1d\xff\xf2\xe5\x1c\xff\xf7\xe7\x1a\xff\x9f\x92\x2b\xff\x5c\x4f\x29\xff\x47\x3d\x21\xff\x3c\x33\x1f\xff\x28\x20\x16\xff\x20\x19\x14\xff\x1d\x17\x13\xff\x1e\x17\x13\xff\x22\x1a\x13\xff\x32\x26\x14\xff\x3c\x2e\x14\xff\x39\x2b\x15\xff\x81\x56\x17\xff\xe6\xa5\x1b\xff\xfa\xc6\x1c\xff\xf1\xcd\x1f\xff\xef\xd3\x21\xff\xee\xd6\x22\xff\xee\xd6\x22\xff\xee\xd2\x21\xff\xef\xcb\x1f\xff\xf6\xc1\x1c\xff\xef\xa6\x1a\xff\x8a\x59\x17\xff\x2a\x1f\x15\xff\x29\x1f\x15\xff\x24\x1a\x14\xff\x1f\x17\x14\xff\x1c\x14\x15\xff\x1f\x11\x19\xff\x1d\x10\x1a\xff\x1d\x10\x1a\xff\x1d\x10\x1a\xff\x1d\x11\x19\xff\x22\x16\x1b\xff\x1f\x13\x1a\xff\x1e\x11\x1a\xff\x1f\x11\x1a\xff\x21\x11\x1b\xff\x24\x13\x1d\xff\x23\x12\x1c\xff\x32\x1d\x1f\xff\x92\x53\x48\xff\x9e\x58\x50\xff\x9b\x56\x54\xff\x99\x56\x56\xff\x96\x54\x58\xff\x92\x51\x5b\xff\x8e\x4f\x5c\xff\x89\x4c\x5e\xff\x85\x49\x60\xff\x7f\x47\x61\xff") then
                    readability(abilities.cmdskele, true)
              elseif event:texturecompare(ax, ay + 60, "\x18\x14\x30\xff\x19\x14\x33\xff\x1a\x14\x38\xff\x1d\x14\x40\xff\x23\x17\x5b\xff\x27\x18\x6d\xff\x28\x18\x74\xff\x29\x16\x7e\xff\x2a\x16\x89\xff\x2a\x15\x8b\xff\x25\x13\x88\xff\x91\x0f\xd2\xff\xe3\x0d\xff\xff\xe0\x0d\xff\xff\xa0\x15\xc9\xff\x39\x25\x51\xff\x30\x27\x44\xff\x29\x25\x35\xff\x2a\x26\x38\xff\x30\x27\x40\xff\x44\x1f\x59\xff\xba\x0f\xeb\xff\xcc\x0e\xfc\xff\x9b\x11\xe0\xff\x35\x15\x9f\xff\x35\x17\xa4\xff\x34\x1a\xa1\xff\x33\x1a\x9e\xff\x30\x19\x9d\xff\x2d\x18\x99\xff\x29\x16\x8f\xff\x29\x14\x86\xff\x31\x12\x8b\xff\x38\x11\x93\xff\x42\x10\x9b\xff\x8c\x0e\xd0\xff\xd5\x0c\xff\xff\xde\x0a\xff\xff\xdb\x0a\xff\xff\xc5\x0e\xf0\xff\x87\x1b\xb5\xff\x4d\x28\x7a\xff\x3f\x2d\x69\xff\x40\x2d\x66\xff\x3e\x2e\x63\xff\x3b\x2e\x5e\xff\x35\x2c\x50\xff\x38\x2d\x58\xff\x3e\x30\x67\xff\x45\x32\x77\xff\x4f\x35\x8d\xff\x57\x38\x9f\xff\x60\x3a\xb1\xff\x65\x3c\xbb\xff\x6b\x3d\xc4\xff\x6e\x3e\xcb\xff\x71\x3e\xcd\xff\x72\x3d\xcd\xff\x78\x3b\xd0\xff\x83\x36\xd7\xff\x96\x34\xe0\xff\xae\x2f\xe9\xff\xce\x2a\xf6\xff\xe2\x19\xfc\xff\xe7\x0b\xfd\xff\xe8\x07\xfd\xff\xe9\x09\xfd\xff\xe8\x09\xfd\xff\xea\x19\xfd\xff\xee\x45\xfe\xff\xf0\x6b\xfe\xff\xf2\x7b\xfd\xff\xf5\x9b\xfd\xff\xf5\x98\xfd\xff\xed\x40\xfd\xff\xe8\x06\xfd\xff\xe7\x09\xfd\xff\xe8\x08\xff\xff\x91\x10\xdf\xff\x55\x19\xcc\xff\x52\x1c\xce\xff\x42\x1b\xbf\xff\x3d\x1c\xb5\xff\x3d\x1f\xa3\xff\x3b\x1f\x9d\xff\x46\x20\xae\xff\x48\x1f\xc1\xff\x47\x1d\xc1\xff\x47\x1d\xc1\xff\x48\x1c\xc3\xff\x56\x1c\xd5\xff\x68\x1b\xe5\xff\xa6\x15\xf5\xff\xdf\x0c\xfe\xff\xe7\x0a\xfd\xff\xea\x0a\xfd\xff\xea\x08\xfd\xff\xeb\x11\xfd\xff\xf0\x6e\xfc\xff\xf1\x80\xfc\xff\xe7\x15\xfd\xff\xe4\x07\xfd\xff\xd8\x0c\xfe\xff\xd4\x0e\xff\xff\xb4\x10\xf9\xff\x66\x1a\xea\xff\x5b\x1c\xe9\xff\x54\x1d\xe6\xff\x47\x1d\xdb\xff\x34\x1e\xc9\xff\x33\x1f\xc4\xff\x33\x1f\xc3\xff\x38\x20\xb3\xff\x3d\x22\xa2\xff\x3e\x23\xa1\xff\x40\x25\x9e\xff\x43\x27\x9a\xff\x45\x28\x98\xff\x46\x28\x97\xff\x47\x28\x96\xff") then
                    readability(abilities.finger, true)
              elseif event:texturecompare(ax, ay + 70, "\x32\x22\x68\xff\x32\x22\x68\xff\x32\x22\x68\xff\x32\x22\x68\xff\x32\x22\x68\xff\x32\x22\x68\xff\x32\x22\x67\xff\x32\x22\x67\xff\x32\x21\x66\xff\x2e\x29\x6c\xff\x24\x3d\x7d\xff\x24\x3e\x7e\xff\x23\x3e\x7e\xff\x28\x47\x85\xff\x34\x5d\x98\xff\x3e\x6f\xa5\xff\x44\x79\xaa\xff\x45\x7b\xab\xff\x44\x7d\xaa\xff\x43\x7d\xaa\xff\x41\x7e\xaa\xff\x41\x7d\xaa\xff\x47\x7e\xab\xff\x4d\x80\xab\xff\x4b\x80\xac\xff\x46\x7f\xac\xff\x42\x77\xa7\xff\x3c\x73\xa5\xff\x3b\x73\xb0\xff\x3c\x72\xb2\xff\x3a\x6d\xaf\xff\x36\x62\xab\xff\x2f\x55\xa0\xff\x22\x48\x8b\xff\x22\x48\x84\xff\x22\x48\x83\xff\x27\x37\x72\xff\x2f\x1f\x5c\xff\x2e\x20\x5c\xff\x2d\x1f\x5c\xff\x2d\x1f\x5a\xff\x2d\x1f\x5b\xff\x2d\x1f\x5a\xff\x2d\x1f\x5a\xff\x2b\x21\x5d\xff\x21\x38\x71\xff\x1e\x3f\x77\xff\x1e\x40\x78\xff\x1e\x41\x7a\xff\x1e\x41\x7d\xff\x1d\x42\x7f\xff\x20\x4a\x84\xff\x23\x52\x88\xff\x25\x58\x8b\xff\x2b\x61\x91\xff\x2e\x67\x94\xff\x30\x6b\x97\xff\x36\x7a\xa2\xff\x49\xa9\xc7\xff\x52\xb9\xd3\xff\x57\xbd\xd8\xff\x58\xc1\xdc\xff\x54\xbc\xd6\xff\x55\xbe\xd8\xff\x57\xc3\xdc\xff\x53\xc6\xdf\xff\x4b\xc6\xe3\xff\x48\xc7\xe4\xff\x45\xc4\xe2\xff\x43\xc0\xe0\xff\x43\xc5\xe5\xff\x45\xcb\xeb\xff\x63\xdd\xf3\xff\x6f\xe3\xf5\xff\x7c\xe1\xf4\xff\x89\xe4\xf3\xff\x8c\xe7\xf4\xff\x8b\xea\xf6\xff\x8d\xea\xf6\xff\x8d\xea\xf6\xff\x8c\xea\xf6\xff\x8c\xea\xf7\xff\x8d\xeb\xf7\xff\x8e\xeb\xf7\xff\x9f\xef\xf9\xff\xcd\xf6\xfa\xff\xd8\xf9\xfb\xff\xe1\xfb\xfc\xff\xe6\xfc\xfd\xff\xe8\xfd\xfd\xff\xe4\xfd\xfd\xff\xdb\xfd\xfd\xff\xdc\xfd\xfd\xff\xdc\xfe\xfe\xff\xdb\xfe\xfe\xff\xcb\xff\xfe\xff\xa1\xf1\xf9\xff\x90\xe6\xf7\xff\x8c\xe4\xf6\xff\x82\xdf\xf3\xff\x7e\xdd\xf2\xff\x54\xaa\xc3\xff\x1e\x4e\x71\xff\x1e\x21\x41\xff\x1d\x15\x34\xff\x1c\x15\x33\xff\x1b\x14\x31\xff\x1a\x14\x2f\xff\x1a\x14\x2d\xff\x1a\x14\x2c\xff\x1a\x14\x2d\xff\x1b\x14\x2e\xff\x1a\x14\x2d\xff\x1a\x14\x2d\xff\x1a\x14\x2c\xff\x1a\x14\x2b\xff\x19\x14\x2b\xff\x19\x14\x2b\xff\x19\x14\x2a\xff\x18\x14\x28\xff") then
                    readability(abilities.volley, true)
              elseif event:texturecompare(ax, ay + 60, "\x34\x17\x73\xff\x44\x1d\x85\xff\x51\x22\x94\xff\x56\x23\x99\xff\x6c\x2d\xb2\xff\x82\x35\xd2\xff\x51\x0f\xdf\xff\x46\x08\xe8\xff\x48\x19\xec\xff\xb1\x51\xf8\xff\xd6\x6e\xfa\xff\x74\x2b\xf4\xff\x3c\x1d\xec\xff\x3e\x1d\xeb\xff\x40\x20\xed\xff\x43\x23\xef\xff\x74\x2f\xf5\xff\xe8\x88\xfb\xff\xff\xb0\xfe\xff\xfc\xb0\xfe\xff\xfd\xb2\xfe\xff\xfd\xb6\xfe\xff\xfd\xb6\xfe\xff\xfc\xb4\xfe\xff\xfd\xb6\xfe\xff\xfb\xaa\xfc\xff\xa2\x42\xfb\xff\x51\x05\xfa\xff\x4f\x08\xfa\xff\x3b\x0f\xf8\xff\x32\x11\xf7\xff\x41\x0d\xf9\xff\x4c\x0a\xfa\xff\x52\x0a\xfb\xff\x56\x08\xfb\xff\x74\x16\xfb\xff\xaa\x3d\xfc\xff\xbd\x4f\xfd\xff\xbd\x4e\xfd\xff\xbd\x4f\xfd\xff\xb4\x47\xfd\xff\xa4\x37\xfc\xff\x90\x22\xfc\xff\x88\x19\xfc\xff\x7f\x18\xfc\xff\x74\x17\xfc\xff\x65\x17\xfc\xff\x57\x16\xfc\xff\x56\x18\xfb\xff\x7c\x2f\xfb\xff\x9a\x42\xfc\xff\xa1\x47\xf9\xff\x9c\x46\xec\xff\x8f\x41\xdf\xff\x83\x3b\xd4\xff\x7d\x38\xcf\xff\x78\x36\xcb\xff\x72\x32\xc6\xff\x6d\x31\xc1\xff\x73\x33\xc6\xff\x7c\x38\xcd\xff\x84\x3c\xd3\xff\x8a\x3f\xda\xff\x93\x44\xe3\xff\xa4\x4c\xf5\xff\xaf\x51\xfc\xff\xb2\x51\xfc\xff\xad\x4f\xfc\xff\x88\x3d\xfc\xff\x71\x34\xfc\xff\x5f\x28\xfc\xff\x41\x15\xfb\xff\x32\x0d\xfb\xff\x28\x0b\xfb\xff\x27\x0c\xfb\xff\x26\x0c\xfb\xff\x26\x0c\xfc\xff\x27\x0c\xfc\xff\x27\x0c\xfc\xff\x27\x0c\xfc\xff\x28\x0d\xfd\xff\x25\x0e\xfe\xff\x25\x0e\xfb\xff\x27\x0e\xfa\xff\x28\x0e\xfa\xff\x28\x0f\xf9\xff\x28\x10\xf9\xff\x28\x10\xf9\xff\x2a\x0f\xf8\xff\x2a\x0e\xf8\xff\x2f\x0b\xf4\xff\x32\x09\xef\xff\x32\x08\xed\xff\x34\x08\xec\xff\x34\x08\xeb\xff\x34\x08\xea\xff\x33\x08\xe9\xff\x33\x08\xe8\xff\x3f\x0b\xe8\xff\x51\x15\xe9\xff\x5d\x21\xe6\xff\x82\x38\xe5\xff\x95\x41\xe0\xff\x8d\x3e\xd7\xff\x7f\x36\xc6\xff\x68\x23\xb6\xff\x50\x1a\x99\xff\x41\x15\x85\xff\x3a\x13\x7b\xff\x36\x12\x74\xff\x34\x12\x71\xff\x31\x11\x6a\xff\x2c\x10\x63\xff\x29\x0f\x5e\xff\x25\x0f\x57\xff\x25\x0e\x56\xff\x24\x0e\x55\xff\x24\x0e\x55\xff\x23\x0e\x54\xff\x23\x0e\x54\xff") then
                    readability(abilities.skulls, true)
              elseif event:texturecompare(ax, ay + 64, "\x18\x3a\x5f\xff\x18\x35\x58\xff\x18\x35\x57\xff\x18\x35\x57\xff\x18\x39\x5f\xff\x17\x36\x59\xff\x17\x35\x58\xff\x17\x35\x59\xff\x16\x34\x57\xff\x16\x34\x58\xff\x16\x35\x5b\xff\x16\x36\x5d\xff\x18\x39\x5f\xff\x19\x3f\x63\xff\x1a\x41\x67\xff\x1a\x3e\x62\xff\x1a\x3e\x62\xff\x1b\x3f\x62\xff\x1b\x41\x64\xff\x1b\x42\x68\xff\x1d\x44\x6a\xff\x23\x5a\x87\xff\x2d\x7a\xb1\xff\x33\x87\xbd\xff\x34\x85\xba\xff\x2c\x74\xa6\xff\x29\x6a\x9a\xff\x29\x6a\x9c\xff\x28\x65\x96\xff\x24\x60\x90\xff\x2a\x66\x94\xff\x33\x72\x9f\xff\x2e\x69\x97\xff\x3c\x7b\xa4\xff\x3e\x7e\xa5\xff\x37\x73\x9b\xff\x35\x6a\x93\xff\x2f\x83\xba\xff\x59\xe0\xff\xff\xba\xff\xff\xff\xa9\xff\xff\xff\x5f\xff\xff\xff\x50\xff\xff\xff\x4b\xff\xff\xff\x77\xff\xff\xff\xe5\xff\xff\xff\xe5\xff\xff\xff\xf7\xfb\xfd\xff\x65\xa2\xd8\xff\x00\x1e\x8d\xff\x10\x5b\xb3\xff\x25\x80\xd6\xff\x1b\x53\x7a\xff\x10\x2b\x37\xff\x0c\x24\x34\xff\x0e\x28\x38\xff\x0e\x29\x3a\xff\x0f\x2c\x3e\xff\x0f\x2d\x40\xff\x13\x3b\x53\xff\x0f\x2e\x41\xff\x12\x38\x50\xff\x2f\x8b\xbc\xff\x34\x9d\xd5\xff\x2d\x92\xd2\xff\x30\x91\xc8\xff\x25\x73\xa1\xff\x26\x7e\xb9\xff\x34\x9d\xdb\xff\x5b\xe1\xee\xff\x6d\xfc\xf2\xff\x5e\xe5\xee\xff\x37\xa9\xed\xff\x2e\x94\xe1\xff\x3e\xaf\xe7\xff\x5a\xd9\xe8\xff\x62\xeb\xea\xff\x4c\xcb\xda\xff\x22\x82\xd1\xff\x24\x7f\xd5\xff\x16\x6c\xcc\xff\x4a\xc3\xe9\xff\x81\xfc\xfe\xff\x60\xf3\xff\xff\x4c\xda\xff\xff\x4a\xd3\xfe\xff\x4a\xd7\xff\xff\x3b\xba\xff\xff\x2c\x9d\xff\xff\x29\xa3\xff\xff\x26\x71\xb2\xff\x22\x46\x63\xff\x22\x4a\x6c\xff\x21\x4c\x6f\xff\x22\x4c\x6e\xff\x22\x4b\x6e\xff\x21\x4b\x6d\xff\x20\x49\x6b\xff\x21\x48\x6b\xff\x20\x48\x6a\xff\x1f\x47\x68\xff\x20\x46\x68\xff\x1f\x45\x66\xff\x1f\x43\x65\xff\x1e\x41\x61\xff\x1e\x41\x61\xff\x1d\x40\x5f\xff\x1c\x3d\x5c\xff\x1d\x3d\x5c\xff\x1c\x3b\x59\xff\x19\x35\x53\xff\x15\x28\x43\xff\x13\x24\x3c\xff\x13\x26\x3e\xff\x14\x25\x3f\xff\x14\x25\x3f\xff\x14\x28\x43\xff\x14\x2a\x48\xff\x11\x2d\x53\xff\x17\x28\x41\xff") then
                    readbuff(buffs.runiccharge, true)
              elseif event:texturecompare(ax, ay + 54, "\x4a\xff\xff\xff\x46\xff\xff\xff\x50\xff\xff\xff\x5a\xff\xff\xff\x5e\xff\xff\xff\x69\xff\xff\xff\x6e\xff\xff\xff\x71\xff\xff\xff\x74\xff\xff\xff\x71\xff\xff\xff\x6c\xff\xff\xff\x68\xff\xff\xff\x62\xfe\xff\xff\x5b\xff\xff\xff\x57\xff\xff\xff\x51\xff\xff\xff\x4a\xff\xff\xff\x44\xff\xff\xff\x40\xfe\xff\xff\x3b\xfe\xff\xff\x38\xfd\xff\xff\x35\xfb\xff\xff\x30\xf5\xff\xff\x2d\xea\xff\xff\x2a\xdb\xff\xff\x27\xc7\xff\xff\x21\xb4\xff\xff\x1d\xa2\xff\xff\x17\x92\xff\xff\x12\x88\xff\xff\x0f\x82\xff\xff\x10\x81\xff\xff\x12\x81\xff\xff\x14\x82\xff\xff\x18\x85\xff\xff\x1c\x8e\xff\xff\x1f\x99\xff\xff\x22\xa8\xff\xff\x23\xbd\xff\xff\x23\xd2\xff\xff\x24\xe8\xff\xff\x24\xf6\xff\xff\x24\xfc\xff\xff\x24\xf9\xff\xff\x23\xef\xff\xff\x22\xdf\xff\xff\x21\xce\xff\xff\x21\xbf\xff\xff\x1d\xad\xff\xff\x16\x9d\xff\xff\x11\x91\xff\xff\x0e\x8a\xff\xff\x05\x82\xff\xff\x00\x79\xff\xff\x00\x73\xff\xff\x00\x6f\xff\xff\x00\x6c\xfe\xff\x00\x6c\xfb\xff\x00\x70\xfc\xff\x01\x78\xff\xff\x08\x84\xff\xff\x13\x94\xff\xff\x21\xa7\xff\xff\x2e\xbe\xff\xff\x37\xd1\xff\xff\x3c\xe3\xff\xff\x3f\xf5\xff\xff\x40\xff\xff\xff\x3f\xff\xff\xff\x3d\xff\xff\xff\x38\xff\xff\xff\x33\xff\xff\xff\x26\xf7\xff\xff\x13\xe3\xff\xff\x02\xcf\xff\xff\x00\xb3\xff\xff\x00\x97\xfc\xff\x00\x82\xe9\xff\x00\x65\xd1\xff\x00\x4f\xbf\xff\x00\x40\xad\xff\x00\x32\x9b\xff\x00\x24\x83\xff\x00\x19\x71\xff\x00\x14\x66\xff\x00\x0c\x57\xff\x00\x05\x4a\xff\x00\x02\x44\xff\x00\x00\x3f\xff\x00\x01\x42\xff\x00\x04\x47\xff\x00\x0c\x51\xff\x00\x1d\x64\xff\x00\x2d\x71\xff\x00\x44\x84\xff\x00\x5e\x98\xff\x00\x6e\xa4\xff\x00\x8c\xbd\xff\x00\xa7\xd2\xff\x00\xc4\xe8\xff\x00\xdd\xfb\xff\x00\xf0\xff\xff\x00\xfb\xff\xff\x00\xff\xff\xff\x00\xff\xff\xff\x00\xf6\xff\xff\x00\xe3\xff\xff\x00\xce\xfc\xff\x00\xbc\xf3\xff\x00\xa7\xe2\xff\x00\x97\xd6\xff\x00\x7c\xc2\xff\x00\x68\xaf\xff\x00\x55\x98\xff\x00\x3d\x7e\xff\x00\x33\x71\xff\x00\x1e\x58\xff\x00\x14\x4a\xff\x00\x0d\x3f\xff\x0e\x10\x38\xff") then
                    readability(abilities.sonic, true)
              elseif event:texturecompare(ax, ay + 40, "\x18\x42\x6e\xff\x17\x41\x6c\xff\x17\x40\x6b\xff\x18\x42\x70\xff\x18\x44\x73\xff\x18\x45\x74\xff\x18\x44\x73\xff\x1a\x4a\x7a\xff\x1a\x4e\x7f\xff\x19\x4b\x7a\xff\x1b\x4c\x7b\xff\x18\x50\x88\xff\x19\x50\x85\xff\x64\x56\x50\xff\xa0\x55\x2c\xff\x9e\x54\x30\xff\x9d\x56\x30\xff\xb5\x5e\x29\xff\xc6\x72\x2a\xff\xce\x83\x29\xff\xda\x98\x29\xff\xeb\xa8\x1e\xff\xff\xc0\x12\xff\xff\xc2\x12\xff\xfb\xa9\x0d\xff\xbf\x5a\x09\xff\xe0\x63\x0e\xff\xf1\x6d\x0e\xff\xe2\x61\x0d\xff\xf7\xac\x15\xff\xfb\xdd\x1b\xff\xf5\xd4\x19\xff\xf9\xdb\x19\xff\xfa\xe2\x1a\xff\xf7\xe6\x19\xff\xf8\xd3\x16\xff\xf5\xbe\x16\xff\xeb\xb0\x16\xff\xf1\xc3\x18\xff\xf7\xd0\x19\xff\xf0\x6a\x0c\xff\xf3\x4d\x09\xff\xf3\x4e\x0a\xff\xff\x50\x09\xff\xa7\x2f\x08\xff\x4a\x00\x04\xff\x77\x07\x04\xff\x6b\x06\x05\xff\x3a\x02\x03\xff\x28\x02\x01\xff\x0b\x02\x01\xff\x00\x01\x00\xff\x02\x01\x00\xff\x02\x01\x01\xff\x03\x01\x01\xff\x03\x02\x01\xff\x02\x01\x01\xff\x01\x01\x01\xff\x04\x02\x01\xff\x04\x02\x01\xff\x02\x02\x01\xff\x03\x02\x01\xff\x03\x02\x01\xff\x03\x02\x01\xff\x00\x00\x00\xff\x0f\x01\x01\xff\xbe\x56\x09\xff\xf4\x81\x0c\xff\xe0\x79\x0c\xff\xda\x7a\x0c\xff\xdd\x7c\x0c\xff\xdf\x7c\x0c\xff\xcb\x4f\x09\xff\xbb\x31\x06\xff\xe1\x4b\x08\xff\xfb\x79\x0f\xff\xf1\xa1\x19\xff\xec\xa7\x1b\xff\xe8\x9d\x1a\xff\xe9\xa2\x1a\xff\xed\xb1\x19\xff\xef\xb0\x19\xff\xee\xa9\x18\xff\xee\xa0\x17\xff\xef\x9d\x16\xff\xee\x9d\x16\xff\xee\xa2\x17\xff\xe2\x90\x1a\xff\xd6\x88\x24\xff\xa2\x3a\x10\xff\x66\x00\x00\xff\x87\x3d\x23\xff\x98\x52\x2e\xff\x8f\x49\x29\xff\x8f\x4d\x29\xff\x90\x4d\x29\xff\x65\x35\x1d\xff\x5d\x32\x21\xff\x7a\x46\x31\xff\x6f\x41\x2d\xff\x5b\x31\x23\xff\x5d\x2d\x21\xff\x5e\x35\x27\xff\x56\x36\x2b\xff\x4c\x35\x30\xff\x41\x33\x35\xff\x3a\x30\x36\xff\x2f\x2d\x39\xff\x2a\x2b\x3b\xff\x1d\x2a\x40\xff\x14\x2a\x44\xff\x15\x2b\x47\xff\x15\x2b\x47\xff\x15\x2a\x45\xff\x15\x2a\x46\xff\x15\x2b\x46\xff\x15\x2a\x46\xff\x15\x2b\x46\xff\x15\x2a\x47\xff\x22\x36\x4f\xff") then
                    readability(abilities.combust, true)
                    readbuff(buffs.combust, false)
            end
        end
        if aw == 128 then
            if event:texturecompare(ax, ay + 80, "\x25\x2c\x47\xff\x25\x2c\x47\xff\x25\x2c\x47\xff\x25\x2c\x47\xff\x25\x2c\x47\xff\x25\x2d\x48\xff\x25\x2d\x48\xff\x25\x2e\x48\xff\x25\x2c\x48\xff\x25\x2d\x48\xff\x25\x2d\x48\xff\x25\x2e\x49\xff\x26\x2e\x49\xff\x26\x2e\x4a\xff\x28\x2e\x4a\xff\x2a\x2d\x4a\xff\x2b\x2d\x4a\xff\x2c\x2d\x49\xff\x2d\x2d\x4a\xff\x31\x2d\x49\xff\x3f\x27\x44\xff\x4f\x22\x3d\xff\x5d\x1c\x37\xff\x61\x1b\x36\xff\x64\x1b\x36\xff\x64\x1b\x35\xff\x65\x1b\x36\xff\x66\x1c\x37\xff\x66\x1c\x37\xff\x65\x1c\x39\xff\x67\x1d\x3a\xff\x68\x1f\x3b\xff\x68\x20\x3e\xff\x69\x21\x3f\xff\x6b\x22\x41\xff\x6c\x24\x46\xff\x6f\x27\x4a\xff\x73\x2b\x4e\xff\x77\x2f\x52\xff\x7e\x34\x5b\xff\x87\x3b\x65\xff\x9f\x58\x82\xff\xca\x84\xb1\xff\xea\xaf\xd8\xff\xfc\xc9\xef\xff\xfc\xcd\xee\xff\xfd\xd5\xf2\xff\xfd\xda\xf3\xff\xfd\xde\xf2\xff\xfe\xe1\xf3\xff\xfe\xe4\xf2\xff\xfe\xe7\xf1\xff\xfe\xea\xf0\xff\xfe\xec\xef\xff\xfe\xee\xee\xff\xfe\xf1\xec\xff\xfe\xf2\xea\xff\xfe\xf5\xe8\xff\xfe\xf7\xe5\xff\xfe\xf9\xe2\xff\xfe\xfa\xdf\xff\xfe\xfc\xdd\xff\xfe\xfd\xd8\xff\xfe\xfd\xd4\xff\xfe\xfe\xce\xff\xfe\xfe\xcb\xff\xfe\xfe\xc5\xff\xfe\xfe\xbf\xff\xfe\xfe\xb6\xff\xfe\xfe\xac\xff\xfe\xfe\xa2\xff\xfe\xfe\x96\xff\xfe\xfe\x88\xff\xfe\xfe\x7b\xff\xfe\xfb\x6f\xff\xdf\xd0\x70\xff\x7a\x66\x74\xff\x5f\x4f\x6d\xff\x50\x42\x69\xff\x47\x3c\x64\xff\x40\x38\x60\xff\x3d\x33\x5e\xff\x38\x31\x5b\xff\x36\x30\x59\xff\x35\x2f\x57\xff\x2d\x32\x58\xff\x2b\x32\x57\xff\x28\x32\x57\xff\x27\x31\x56\xff\x25\x31\x56\xff\x25\x31\x56\xff\x25\x30\x55\xff\x25\x30\x55\xff\x25\x2f\x55\xff\x24\x2f\x54\xff\x24\x2f\x53\xff\x24\x2f\x53\xff\x24\x2f\x52\xff\x28\x31\x53\xff\x2d\x36\x52\xff\x66\x5a\x47\xff\x83\x6f\x42\xff\x88\x72\x40\xff\x8b\x75\x40\xff\x8d\x76\x40\xff\x8f\x77\x40\xff\x91\x78\x40\xff\x91\x78\x3f\xff\x92\x79\x40\xff\x92\x7a\x40\xff\x94\x7b\x40\xff\x94\x7c\x41\xff\x94\x7c\x41\xff\x94\x7b\x41\xff\x8f\x78\x41\xff\x81\x6e\x44\xff\x33\x3a\x54\xff\x2a\x33\x55\xff\x25\x30\x56\xff\x24\x31\x57\xff\x23\x30\x57\xff\x24\x30\x59\xff\x26\x31\x59\xff\x25\x31\x5a\xff\x25\x32\x5b\xff\x25\x32\x5b\xff\x25\x32\x5d\xff\x25\x33\x5d\xff") then
                    readbuff(buffs.tsunami, true)
            elseif event:texturecompare(ax, ay + 50, "\x2e\x34\x38\xff\x2e\x34\x38\xff\x2e\x34\x38\xff\x2e\x34\x38\xff\x30\x35\x39\xff\x30\x35\x39\xff\x30\x35\x39\xff\x30\x35\x39\xff\x30\x35\x39\xff\x30\x35\x39\xff\x30\x35\x39\xff\x30\x35\x39\xff\x30\x35\x39\xff\x30\x35\x39\xff\x30\x35\x39\xff\x30\x35\x39\xff\x30\x35\x39\xff\x32\x3c\x41\xff\x4c\x8b\x93\xff\x4c\x8b\x93\xff\x4c\x8b\x93\xff\x4c\x8b\x93\xff\x4c\x8b\x93\xff\x4c\x8b\x93\xff\x4c\x8b\x93\xff\x4c\x8b\x93\xff\x49\x83\x8b\xff\x49\x83\x8b\xff\x49\x83\x8b\xff\x49\x83\x8b\xff\x49\x83\x8b\xff\x49\x83\x8b\xff\x45\x7b\x83\xff\x45\x7b\x83\xff\x45\x7b\x83\xff\x45\x7b\x83\xff\x31\x43\x46\xff\x2b\x2e\x30\xff\x2b\x2e\x30\xff\x29\x2b\x2c\xff\x29\x2b\x2c\xff\x29\x2b\x2c\xff\x29\x2b\x2c\xff\x23\x24\x23\xff\x1e\x22\x1b\xff\x1e\x22\x1b\xff\x2b\x34\x2c\xff\xa6\xb1\xb6\xff\xa6\xb1\xb6\xff\x95\x9b\xa0\xff\x86\x8c\x8f\xff\x86\x8c\x8f\xff\xbf\xbd\xa8\xff\xdb\xd3\xb3\xff\xdb\xcf\xa6\xff\xdb\xcf\xa6\xff\xd2\xc2\x97\xff\xa3\x82\x3c\xff\xa3\x82\x3c\xff\x9b\x7c\x38\xff\x9b\x7c\x38\xff\x96\x73\x33\xff\x8d\x6b\x2e\xff\x84\x62\x27\xff\x84\x62\x27\xff\x79\x5b\x21\xff\x79\x5b\x21\xff\x79\x5b\x21\xff\x69\x4d\x18\xff\x69\x4d\x18\xff\x69\x4d\x18\xff\x69\x4d\x18\xff\x69\x4d\x18\xff\x61\x45\x13\xff\x61\x45\x13\xff\x5d\x4d\x2f\xff\x54\x59\x5d\xff\x5e\x63\x66\xff\x6c\x73\x77\xff\x72\x89\x8d\xff\x7f\x95\x9b\xff\x31\x33\x35\xff\x1a\x1e\x15\xff\x1e\x22\x1b\xff\x23\x24\x23\xff\x29\x2b\x2c\xff\x29\x2b\x2c\xff\x29\x2b\x2c\xff\x29\x2b\x2c\xff\x2c\x32\x35\xff\x68\xc4\xcb\xff\x7e\xe1\xe7\xff\x74\xdb\xe1\xff\x74\xdb\xe1\xff\x74\xdb\xe1\xff\x74\xdb\xe1\xff\x74\xdb\xe1\xff\x74\xdb\xe1\xff\x70\xd3\xda\xff\x70\xd3\xda\xff\x70\xd3\xda\xff\x70\xd3\xda\xff\x70\xd3\xda\xff\x70\xd3\xda\xff\x70\xd3\xda\xff\x70\xd3\xda\xff\x70\xd3\xda\xff\x70\xd3\xda\xff\x70\xd3\xda\xff\x68\xc4\xcb\xff\x31\x43\x46\xff\x30\x35\x39\xff\x30\x35\x39\xff\x30\x35\x39\xff\x30\x35\x39\xff\x30\x35\x39\xff\x30\x35\x39\xff\x30\x35\x39\xff\x30\x35\x39\xff\x30\x35\x39\xff\x30\x35\x39\xff\x30\x35\x39\xff\x30\x35\x39\xff\x30\x35\x39\xff\x2e\x34\x38\xff\x2e\x34\x38\xff\x2e\x34\x38\xff\x2e\x34\x38\xff") then
                    readbuff(buffs.temporalanomaly, true)
            elseif event:texturecompare(ax, ay + 60, "\x2c\x18\x5e\xff\x2c\x19\x5e\xff\x2d\x19\x5f\xff\x2d\x19\x5f\xff\x2d\x19\x60\xff\x2e\x19\x61\xff\x2e\x19\x61\xff\x2f\x1a\x61\xff\x2f\x1a\x62\xff\x2f\x1a\x63\xff\x30\x1a\x64\xff\x30\x1a\x65\xff\x31\x1a\x65\xff\x31\x1b\x66\xff\x31\x1c\x67\xff\x31\x1c\x68\xff\x32\x1d\x69\xff\x32\x1d\x6a\xff\x33\x1e\x6b\xff\x33\x1f\x6c\xff\x34\x20\x6d\xff\x34\x20\x6e\xff\x34\x22\x70\xff\x34\x23\x72\xff\x33\x25\x75\xff\x34\x27\x76\xff\x35\x29\x79\xff\x34\x29\x7a\xff\x35\x27\x7c\xff\x35\x2d\x80\xff\x33\x3b\x82\xff\x30\x4e\x83\xff\x2b\x63\x84\xff\x27\x76\x85\xff\x25\x83\x85\xff\x24\x86\x86\xff\x25\x87\x87\xff\x25\x89\x89\xff\x25\x8c\x89\xff\x24\x8f\x89\xff\x23\x91\x8a\xff\x24\x94\x8a\xff\x23\x97\x8c\xff\x22\x9b\x8d\xff\x23\x9d\x8d\xff\x22\x9f\x8e\xff\x21\xa4\x8f\xff\x21\xa6\x90\xff\x20\xa7\x90\xff\x20\xa9\x90\xff\x1f\xac\x90\xff\x1e\xae\x91\xff\x1d\xb1\x92\xff\x1e\xb3\x92\xff\x20\xb5\x93\xff\x21\xb8\x94\xff\x23\xba\x94\xff\x25\xbc\x95\xff\x27\xbe\x96\xff\x29\xbe\x96\xff\x29\xc1\x96\xff\x2b\xc3\x97\xff\x2c\xc4\x97\xff\x2e\xc6\x98\xff\x30\xc8\x98\xff\x31\xc9\x99\xff\x33\xcb\x9c\xff\x34\xcc\x9c\xff\x35\xcc\x9c\xff\x36\xd0\x9c\xff\x38\xd8\x9b\xff\x3a\xde\x9d\xff\x3b\xd7\xa0\xff\x3e\xc1\xa3\xff\x3f\xa0\xa7\xff\x42\x7f\xac\xff\x45\x61\xb0\xff\x47\x4f\xb1\xff\x47\x4d\xb1\xff\x49\x51\xb2\xff\x4a\x4f\xb1\xff\x4b\x4a\xb2\xff\x4d\x45\xb2\xff\x4f\x42\xb1\xff\x50\x40\xb2\xff\x52\x3c\xb3\xff\x54\x3a\xb5\xff\x55\x38\xb4\xff\x57\x37\xb4\xff\x59\x34\xb5\xff\x59\x32\xb6\xff\x5a\x33\xb6\xff\x5c\x33\xb8\xff\x5b\x32\xb7\xff\x5d\x32\xb7\xff\x5d\x32\xb9\xff\x5d\x31\xba\xff\x5f\x31\xbb\xff\x5f\x30\xba\xff\x5f\x30\xba\xff\x5f\x2f\xba\xff\x60\x2f\xbb\xff\x60\x30\xbb\xff\x60\x30\xbc\xff\x60\x30\xbc\xff\x62\x30\xbd\xff\x63\x31\xbd\xff\x62\x31\xbd\xff\x62\x31\xbd\xff\x63\x31\xbd\xff\x63\x31\xbd\xff\x63\x31\xbd\xff\x63\x31\xbd\xff\x63\x31\xbd\xff\x62\x31\xbc\xff\x61\x31\xbc\xff\x62\x32\xbc\xff\x60\x31\xbb\xff\x60\x31\xbb\xff\x5f\x31\xba\xff\x5f\x30\xba\xff\x60\x30\xbb\xff\x5f\x30\xba\xff\x5f\x30\xb9\xff\x5f\x30\xb8\xff\x5f\x30\xb7\xff\x5e\x2f\xb6\xff\x5d\x2f\xb5\xff") then
                    readbuff(buffs.deathspark, true)
            elseif event:texturecompare(ax, ay + 64, "\x5a\x34\xbe\xff\x59\x33\xbd\xff\x58\x33\xbc\xff\x57\x33\xbb\xff\x56\x33\xba\xff\x56\x32\xb9\xff\x55\x32\xb6\xff\x55\x31\xb5\xff\x54\x31\xb5\xff\x54\x30\xb3\xff\x54\x30\xb1\xff\x52\x30\xb0\xff\x52\x2f\xae\xff\x51\x2f\xad\xff\x4f\x2f\xac\xff\x4e\x2e\xaa\xff\x4c\x2e\xa9\xff\x4c\x2d\xa9\xff\x4d\x2d\xa8\xff\x4c\x2c\xa8\xff\x4c\x2c\xa7\xff\x4c\x2b\xa5\xff\x4a\x2a\xa5\xff\x4a\x2a\xa4\xff\x4a\x29\xa3\xff\x49\x29\xa2\xff\x48\x29\xa2\xff\x48\x29\x9f\xff\x47\x29\x9e\xff\x46\x29\x9c\xff\x45\x29\x9c\xff\x45\x27\x9c\xff\x44\x27\x9b\xff\x44\x27\x97\xff\x2d\x1c\x4c\xff\x2b\x1e\x3d\xff\x42\x32\x48\xff\x83\x70\x65\xff\x88\x75\x64\xff\x88\x74\x5f\xff\x86\x72\x5b\xff\x82\x6d\x56\xff\x69\x59\x44\xff\x67\x59\x44\xff\x91\x7d\x65\xff\x8c\x76\x5e\xff\x88\x74\x5b\xff\x87\x71\x5a\xff\x87\x72\x5b\xff\x84\x71\x5a\xff\x7c\x68\x52\xff\x68\x55\x40\xff\x61\x4f\x3b\xff\x55\x49\x37\xff\x4f\x46\x35\xff\x48\x42\x31\xff\x3f\x3d\x2d\xff\x35\x3a\x2a\xff\x36\x3b\x29\xff\x3c\x3d\x2c\xff\x3f\x40\x2f\xff\x4b\x54\x3d\xff\x59\x74\x51\xff\x4d\x6a\x44\xff\x4a\x6b\x43\xff\x4f\x7d\x4d\xff\x48\x89\x52\xff\x37\x9a\x53\xff\x33\x9e\x54\xff\x31\xa1\x55\xff\x31\xa2\x55\xff\x2e\xa7\x57\xff\x2b\xac\x5a\xff\x2b\xaf\x5b\xff\x2c\xb0\x5c\xff\x2c\xb1\x5d\xff\x2d\xb2\x5d\xff\x2c\xb4\x5f\xff\x2c\xb6\x60\xff\x2a\xba\x65\xff\x24\xc3\x69\xff\x24\xc4\x67\xff\x24\xc3\x60\xff\x23\xc6\x5f\xff\x23\xc7\x61\xff\x23\xca\x64\xff\x21\xcd\x67\xff\x1c\xe1\x7d\xff\x15\xf4\x95\xff\x15\xf3\x96\xff\x15\xef\x94\xff\x15\xe9\x8f\xff\x16\xe3\x8a\xff\x16\xd9\x84\xff\x15\xa0\x61\xff\x15\x4e\x33\xff\x16\x3b\x28\xff\x15\x37\x25\xff\x15\x33\x22\xff\x15\x30\x1f\xff\x15\x35\x22\xff\x15\x36\x24\xff\x15\x32\x21\xff\x16\x30\x21\xff\x15\x32\x22\xff\x15\x36\x24\xff\x15\x41\x2b\xff\x15\x49\x30\xff\x16\x51\x32\xff\x13\x72\x45\xff\x10\x76\x47\xff\x10\x78\x48\xff\x10\x79\x48\xff\x10\x77\x49\xff\x10\x76\x4b\xff\x10\x6f\x47\xff\x13\x5e\x3d\xff\x14\x56\x39\xff\x13\x4f\x36\xff\x13\x45\x34\xff\x14\x32\x2c\xff\x15\x25\x21\xff\x15\x1f\x1d\xff\x15\x1b\x1c\xff\x16\x1a\x1b\xff\x16\x1a\x1b\xff\x15\x1a\x1c\xff\x15\x1a\x1f\xff") then
                    readbuff(buffs.necrosis, true)
            elseif event:texturecompare(ax, ay + 64, "\x21\x0d\x5d\xff\x23\x0f\x5f\xff\x24\x10\x60\xff\x26\x12\x62\xff\x27\x13\x63\xff\x28\x14\x64\xff\x29\x15\x65\xff\x2b\x17\x67\xff\x2c\x18\x68\xff\x2d\x19\x69\xff\x2e\x1a\x6a\xff\x2f\x1b\x6b\xff\x2f\x1b\x6b\xff\x30\x1c\x6c\xff\x31\x1d\x6d\xff\x32\x1e\x6e\xff\x32\x1e\x6e\xff\x33\x1f\x6f\xff\x34\x20\x70\xff\x34\x21\x70\xff\x35\x22\x71\xff\x35\x22\x71\xff\x35\x22\x71\xff\x36\x23\x72\xff\x36\x23\x72\xff\x36\x23\x73\xff\x3a\x2d\x8a\xff\x3f\x3e\xaf\xff\x40\x42\xba\xff\x40\x42\xb8\xff\x40\x42\xb8\xff\x40\x42\xb8\xff\x40\x42\xb8\xff\x41\x40\xba\xff\x3c\x4c\xac\xff\x30\x66\x8e\xff\x36\x81\x9e\xff\x47\xa9\xc3\xff\x4f\xb8\xd0\xff\x58\xc2\xd5\xff\x62\xc8\xd9\xff\x6b\xce\xdc\xff\x80\xdc\xe4\xff\x89\xe3\xe9\xff\x8c\xe6\xea\xff\x8a\xe3\xe8\xff\x7e\xdb\xe3\xff\x73\xd5\xe0\xff\x6d\xd3\xdf\xff\x69\xd2\xdd\xff\x6a\xd2\xdd\xff\x69\xd2\xdd\xff\x67\xd1\xdc\xff\x5f\xca\xd9\xff\x50\xc0\xd3\xff\x4c\xb9\xce\xff\x43\xa3\xbf\xff\x3e\x94\xb3\xff\x3c\x8b\xaa\xff\x3b\x8a\xa9\xff\x3b\x8a\xa9\xff\x3b\x8b\xaa\xff\x3b\x8a\xa8\xff\x37\x84\x9f\xff\x33\x76\x95\xff\x37\x5d\xa0\xff\x42\x47\xb9\xff\x46\x42\xc2\xff\x44\x44\xbf\xff\x44\x45\xbf\xff\x44\x45\xbe\xff\x44\x44\xbe\xff\x44\x44\xbc\xff\x44\x41\xb4\xff\x44\x3c\xab\xff\x42\x35\x9d\xff\x3e\x2c\x8a\xff\x3b\x27\x7c\xff\x3a\x25\x78\xff\x3a\x25\x78\xff\x3a\x25\x78\xff\x3a\x25\x77\xff\x3a\x24\x77\xff\x3a\x25\x77\xff\x39\x24\x76\xff\x39\x24\x76\xff\x39\x24\x77\xff\x38\x24\x77\xff\x38\x24\x78\xff\x38\x25\x78\xff\x39\x25\x77\xff\x39\x25\x77\xff\x38\x25\x77\xff\x38\x25\x77\xff\x38\x25\x76\xff\x38\x24\x76\xff\x38\x24\x77\xff\x38\x24\x77\xff\x37\x24\x76\xff\x37\x24\x77\xff\x37\x24\x77\xff\x37\x23\x75\xff\x36\x22\x73\xff\x36\x22\x72\xff\x36\x21\x71\xff\x35\x21\x71\xff\x35\x21\x71\xff\x34\x21\x70\xff\x34\x21\x70\xff\x33\x20\x6f\xff\x33\x1e\x6e\xff\x32\x1e\x6e\xff\x31\x1d\x6d\xff\x31\x1d\x6d\xff\x2f\x1b\x6b\xff\x2f\x1b\x6b\xff\x2e\x1a\x6a\xff\x2d\x19\x69\xff\x2c\x18\x68\xff\x2b\x17\x67\xff\x2a\x16\x66\xff\x29\x15\x65\xff\x27\x13\x63\xff\x26\x12\x62\xff\x25\x11\x61\xff\x24\x10\x60\xff\x22\x0e\x5e\xff\x21\x0d\x5d\xff") then
                    readbuff(buffs.residualsouls, true)
            elseif event:texturecompare(ax, ay + 90, "\x7d\x58\x84\xff\x79\x59\x7d\xff\x75\x5a\x76\xff\x71\x5b\x6f\xff\x6d\x5a\x6a\xff\x6a\x59\x67\xff\x65\x58\x65\xff\x62\x56\x64\xff\x5e\x54\x63\xff\x5a\x52\x62\xff\x59\x51\x63\xff\x59\x50\x66\xff\x5b\x50\x6b\xff\x62\x51\x73\xff\x6b\x51\x7f\xff\x76\x51\x8d\xff\x81\x50\xa0\xff\x8b\x4c\xb0\xff\x8e\x46\xba\xff\x89\x40\xbd\xff\x7f\x39\xbb\xff\x74\x33\xb7\xff\x68\x2d\xb2\xff\x5d\x28\xad\xff\x61\x29\xb4\xff\x70\x2d\xc4\xff\x82\x31\xd5\xff\x90\x34\xe1\xff\x93\x34\xe3\xff\x95\x35\xe8\xff\x97\x36\xed\xff\x9b\x31\xfe\xff\x92\x62\xad\xff\x80\xaf\x28\xff\x82\xab\x32\xff\x8f\xbd\x37\xff\x93\xc3\x38\xff\x94\xc4\x38\xff\x9f\xce\x38\xff\xab\xd9\x38\xff\xaf\xdc\x39\xff\xae\xda\x3a\xff\x9f\xce\x38\xff\x86\xb2\x35\xff\x51\x66\x27\xff\x3d\x48\x21\xff\x44\x54\x23\xff\x72\x94\x2e\xff\x84\xaa\x32\xff\x9f\xc7\x37\xff\xb2\xdb\x39\xff\xbc\xe3\x3a\xff\xc5\xea\x3a\xff\xd4\xf9\x3d\xff\x79\x97\x2c\xff\x3b\x47\x1c\xff\x3d\x47\x1d\xff\x3b\x45\x1c\xff\x3a\x44\x1c\xff\x3a\x44\x1d\xff\x3a\x44\x21\xff\x3a\x44\x21\xff\x3a\x44\x22\xff\x3a\x44\x22\xff\x3a\x44\x22\xff\x3a\x44\x21\xff\x3b\x46\x22\xff\x3d\x48\x22\xff\x3f\x4f\x22\xff\x96\xc1\x32\xff\xbe\xee\x36\xff\xac\xda\x37\xff\xa5\xd1\x3a\xff\xac\xd5\x3e\xff\x89\xb4\x35\xff\x5b\x79\x29\xff\x51\x68\x27\xff\x40\x4d\x23\xff\x3b\x45\x22\xff\x41\x4e\x23\xff\x49\x5b\x25\xff\x4e\x62\x26\xff\x69\x8a\x2c\xff\x70\x94\x2e\xff\x77\x9d\x31\xff\x8b\xb6\x35\xff\xac\xdb\x37\xff\xba\xf3\x2d\xff\xac\x95\x90\xff\x9b\x32\xf6\xff\x9c\x3c\xea\xff\x9c\x3b\xe9\xff\x9b\x3b\xe9\xff\x9b\x3a\xe8\xff\x9a\x3a\xe7\xff\x9a\x39\xe8\xff\x98\x39\xe7\xff\x94\x38\xe3\xff\x8f\x36\xe0\xff\x8a\x34\xdb\xff\x86\x33\xd6\xff\x82\x32\xd2\xff\x7e\x31\xce\xff\x7a\x30\xca\xff\x76\x2f\xc5\xff\x70\x2f\xbe\xff\x69\x2f\xb5\xff\x62\x2f\xab\xff\x5a\x30\x9e\xff\x53\x33\x92\xff\x4d\x35\x86\xff\x4a\x39\x7c\xff\x49\x3d\x76\xff\x49\x3f\x71\xff\x4a\x43\x6d\xff\x4b\x48\x6a\xff\x4e\x4e\x67\xff\x4f\x52\x64\xff\x52\x5a\x62\xff\x56\x62\x60\xff\x5a\x69\x5f\xff\x5e\x70\x5c\xff\x62\x78\x5c\xff\x65\x7d\x5d\xff\x67\x82\x5c\xff\x6a\x86\x5b\xff\x6a\x89\x5b\xff\x6b\x89\x5b\xff") then
                    readbuff(buffs.bloat, false)
            elseif event:texturecompare(ax, ay + 64, "\x3d\x25\x88\xff\x3e\x25\x88\xff\x3e\x25\x88\xff\x3d\x28\x89\xff\x3c\x28\x8b\xff\x3d\x26\x8b\xff\x3d\x28\x8c\xff\x3d\x29\x8e\xff\x3d\x2b\x8f\xff\x3c\x2e\x91\xff\x3c\x32\x95\xff\x3a\x3c\x99\xff\x35\x4e\xa1\xff\x34\x58\xab\xff\x2c\x4c\x8f\xff\x1c\x1e\x3f\xff\x1a\x1f\x3d\xff\x18\x1e\x39\xff\x16\x19\x30\xff\x13\x13\x26\xff\x11\x12\x22\xff\x0f\x0f\x1c\xff\x0d\x0d\x18\xff\x0c\x0d\x15\xff\x0b\x0c\x13\xff\x0a\x0c\x11\xff\x09\x0b\x0f\xff\x09\x0b\x0e\xff\x08\x0b\x0c\xff\x08\x0a\x0c\xff\x07\x0a\x0c\xff\x07\x0a\x0c\xff\x07\x0a\x0b\xff\x07\x0a\x0b\xff\x07\x0a\x0b\xff\x02\x03\x04\xff\x1b\x24\x25\xff\x75\x9a\x9b\xff\xa3\xd5\xd6\xff\xb3\xea\xed\xff\xa6\xd8\xdb\xff\x82\xa9\xaa\xff\x41\x56\x56\xff\x04\x06\x07\xff\x01\x02\x02\xff\x07\x0a\x0a\xff\x07\x0a\x0a\xff\x07\x0a\x0a\xff\x07\x0a\x0a\xff\x04\x05\x05\xff\x00\x00\x00\xff\x1b\x2a\x2b\xff\x44\x69\x69\xff\x5b\x88\x89\xff\x5e\x88\x89\xff\x49\x67\x68\xff\x1a\x25\x25\xff\x00\x00\x00\xff\x06\x09\x09\xff\x07\x0b\x0b\xff\x07\x0c\x0c\xff\x09\x12\x12\xff\x0b\x1c\x1c\xff\x0c\x21\x22\xff\x0d\x29\x2a\xff\x12\x42\x43\xff\x29\x72\x78\xff\x54\xb5\xd1\xff\x5d\xb5\xeb\xff\x43\x55\xbc\xff\x4b\x47\xb6\xff\x4f\x3f\xb3\xff\x51\x3a\xb0\xff\x52\x34\xad\xff\x54\x31\xab\xff\x54\x30\xab\xff\x55\x30\xab\xff\x55\x30\xab\xff\x55\x30\xa9\xff\x55\x30\xa9\xff\x55\x30\xaa\xff\x55\x30\xaa\xff\x55\x31\xaa\xff\x55\x30\xaa\xff\x54\x30\xa9\xff\x54\x30\xa8\xff\x54\x30\xa8\xff\x53\x2f\xa9\xff\x53\x2f\xa9\xff\x51\x30\xa6\xff\x51\x2f\xa6\xff\x51\x2f\xa6\xff\x52\x30\xa6\xff\x52\x30\xa6\xff\x51\x2f\xa4\xff\x51\x2f\xa4\xff\x51\x2f\xa4\xff\x50\x34\xa6\xff\x51\x32\xa7\xff\x51\x2e\xa6\xff\x51\x2f\xa6\xff\x50\x2f\xa5\xff\x4f\x2f\xa4\xff\x4f\x2f\xa4\xff\x4d\x32\xa5\xff\x4b\x38\xa7\xff\x47\x40\xab\xff\x45\x46\xac\xff\x41\x4d\xaf\xff\x38\x63\xb8\xff\x2d\x7f\xc3\xff\x28\x8c\xc9\xff\x26\x8f\xca\xff\x26\x8c\xc7\xff\x26\x85\xc1\xff\x28\x8d\xcb\xff\x16\x3f\x5b\xff\x09\x04\x06\xff\x0b\x0c\x13\xff\x0c\x0c\x16\xff\x0e\x0c\x18\xff\x14\x24\x33\xff\x1c\x44\x57\xff\x21\x53\x69\xff\x25\x5c\x77\xff\x27\x66\x85\xff\x2c\x70\x95\xff\x2e\x93\xbb\xff") then
                    readbuff(buffs.skeletonwarrior, true)
            elseif event:texturecompare(ax, ay + 64, "\x2b\xd3\xdb\xff\x2d\xd5\xdc\xff\x2c\xd9\xdd\xff\x29\xe4\xde\xff\x33\xb3\xd4\xff\x50\x21\xb4\xff\x51\x1f\xb4\xff\x51\x21\xb4\xff\x51\x22\xb5\xff\x51\x22\xb5\xff\x52\x22\xb6\xff\x56\x21\xbd\xff\x36\x2a\x89\xff\x13\x35\x40\xff\x1a\x33\x40\xff\x1a\x36\x44\xff\x1a\x37\x46\xff\x21\x58\x71\xff\x26\x6b\x8b\xff\x26\x6c\x8d\xff\x1e\x7a\x9f\xff\x1c\x7e\xa6\xff\x1d\x7e\xa7\xff\x1f\x7d\xa7\xff\x1c\x7e\xa7\xff\x1c\x7f\xa7\xff\x1d\x80\xa8\xff\x1d\x80\xa8\xff\x1f\x81\xa9\xff\x1f\x81\xa9\xff\x1f\x81\xa9\xff\x1f\x81\xa9\xff\x1f\x81\xa8\xff\x1e\x81\xa8\xff\x1e\x81\xa8\xff\x1e\x80\xa7\xff\x1e\x80\xa6\xff\x1f\x80\xa6\xff\x1f\x7f\xa6\xff\x1f\x82\xa6\xff\x1f\x83\xa6\xff\x24\x7c\x98\xff\x27\x78\x8d\xff\x27\x7a\x8d\xff\x26\x79\x8d\xff\x26\x7a\x8f\xff\x26\x77\x90\xff\x25\x7f\x9e\xff\x20\xa0\xc6\xff\x20\xa6\xcb\xff\x23\xa8\xca\xff\x25\xaa\xcb\xff\x26\xa9\xcb\xff\x26\xa8\xcb\xff\x26\xa8\xce\xff\x23\x95\xbc\xff\x1a\x70\x96\xff\x16\x61\x84\xff\x17\x60\x81\xff\x17\x62\x82\xff\x17\x69\x85\xff\x17\x6d\x87\xff\x17\x6d\x86\xff\x17\x6b\x87\xff\x17\x6a\x87\xff\x17\x6c\x87\xff\x17\x6b\x8a\xff\x17\x6b\x8a\xff\x17\x6b\x8a\xff\x18\x6a\x8a\xff\x18\x6a\x8a\xff\x18\x6a\x8a\xff\x18\x6a\x8a\xff\x17\x6a\x8a\xff\x17\x6a\x8a\xff\x17\x6a\x8a\xff\x17\x69\x8a\xff\x18\x69\x8a\xff\x1a\x66\x8b\xff\x19\x68\x8b\xff\x19\x6a\x89\xff\x1a\x6a\x88\xff\x1a\x6b\x88\xff\x1e\x72\x93\xff\x17\x49\x65\xff\x0f\x29\x41\xff\x11\x37\x4d\xff\x1a\x65\x83\xff\x1f\x7e\x9e\xff\x26\x98\xa5\xff\x27\xa0\xa9\xff\x27\xa4\xaa\xff\x28\xa2\xab\xff\x28\xa2\xab\xff\x28\xa3\xab\xff\x27\xa4\xaa\xff\x26\x9f\xa9\xff\x20\x84\xa1\xff\x1d\x7b\x9d\xff\x1d\x78\x9d\xff\x17\x7d\x9b\xff\x32\x4c\xa3\xff\x4d\x1a\xab\xff\x49\x1e\xa5\xff\x45\x1b\x9d\xff\x42\x1a\x96\xff\x3f\x18\x8f\xff\x3c\x17\x8a\xff\x39\x16\x85\xff\x38\x14\x81\xff\x36\x14\x7f\xff\x35\x13\x7c\xff\x34\x13\x7b\xff\x34\x13\x79\xff\x33\x13\x78\xff\x33\x12\x78\xff\x33\x12\x77\xff\x33\x12\x77\xff\x32\x12\x76\xff\x32\x12\x75\xff\x32\x12\x74\xff\x31\x12\x74\xff\x31\x12\x73\xff\x31\x11\x72\xff\x30\x11\x72\xff\x30\x11\x71\xff\x30\x11\x70\xff\x30\x11\x6f\xff") then
                    readbuff(buffs.vengefulghost, true)
            elseif event:texturecompare(ax, ay + 64, "\x3d\x25\x8a\xff\x3d\x25\x8a\xff\x3e\x25\x8a\xff\x3e\x25\x8c\xff\x3e\x28\x8c\xff\x3e\x2c\x8e\xff\x40\x34\x90\xff\x41\x41\x90\xff\x42\x51\x93\xff\x43\x64\x96\xff\x44\x7d\x99\xff\x45\x9a\x9d\xff\x45\xac\x9e\xff\x38\x88\x7e\xff\x22\x54\x4f\xff\x11\x2b\x29\xff\x12\x2a\x27\xff\x12\x2a\x27\xff\x12\x2a\x27\xff\x12\x29\x27\xff\x12\x2a\x27\xff\x12\x2a\x27\xff\x12\x2a\x27\xff\x12\x2a\x27\xff\x12\x2a\x27\xff\x12\x29\x27\xff\x0f\x25\x23\xff\x0e\x21\x20\xff\x0d\x21\x20\xff\x0d\x20\x1f\xff\x0c\x20\x1f\xff\x0c\x20\x1f\xff\x0c\x1f\x1f\xff\x0c\x20\x1f\xff\x0c\x20\x1f\xff\x0d\x20\x20\xff\x0d\x20\x1f\xff\x0c\x1f\x1e\xff\x0c\x1e\x1e\xff\x0d\x20\x1f\xff\x10\x28\x26\xff\x12\x2e\x2b\xff\x0e\x3a\x39\xff\x0c\x40\x3f\xff\x0e\x3d\x3c\xff\x0f\x3b\x39\xff\x0f\x38\x36\xff\x0f\x2b\x29\xff\x10\x2b\x2a\xff\x28\x7d\x7b\xff\x3e\xc3\xa1\xff\x44\xec\x8a\xff\x42\xf2\x79\xff\x41\xf0\x77\xff\x44\xde\xa3\xff\x29\x79\x7a\xff\x18\x41\x40\xff\x48\xa7\x9f\xff\x4b\xad\xa5\xff\x1d\x45\x41\xff\x0c\x23\x21\xff\x2e\x6e\x68\xff\x50\xaf\xaf\xff\x4e\x96\xa8\xff\x4f\x82\xa9\xff\x51\x70\xaa\xff\x52\x5f\xaa\xff\x53\x50\xab\xff\x54\x44\xab\xff\x53\x3c\xab\xff\x53\x36\xab\xff\x54\x32\xab\xff\x55\x31\xab\xff\x55\x30\xab\xff\x55\x30\xa9\xff\x55\x30\xa9\xff\x55\x30\xaa\xff\x55\x30\xaa\xff\x55\x31\xaa\xff\x55\x30\xaa\xff\x54\x30\xa9\xff\x54\x30\xa8\xff\x54\x30\xa8\xff\x53\x2f\xa9\xff\x53\x2f\xa9\xff\x51\x30\xa6\xff\x51\x2f\xa6\xff\x51\x30\xa6\xff\x52\x34\xa6\xff\x51\x3c\xa6\xff\x50\x48\xa4\xff\x4f\x59\xa4\xff\x4e\x6d\xa4\xff\x4c\x86\xa4\xff\x4b\xa4\xa6\xff\x4a\xb0\xa6\xff\x24\x57\x52\xff\x10\x27\x22\xff\x11\x2d\x27\xff\x0f\x23\x21\xff\x0f\x22\x20\xff\x0f\x23\x20\xff\x0f\x25\x22\xff\x0f\x25\x22\xff\x10\x24\x21\xff\x10\x23\x21\xff\x10\x22\x20\xff\x0f\x21\x1f\xff\x12\x31\x29\xff\x14\x38\x2e\xff\x3a\x8e\x83\xff\x49\xaf\xa5\xff\x47\x91\x9f\xff\x47\x75\x9d\xff\x47\x5e\x9b\xff\x47\x4b\x99\xff\x47\x3c\x98\xff\x46\x32\x97\xff\x46\x2c\x95\xff\x46\x2a\x95\xff\x46\x29\x95\xff\x46\x29\x94\xff\x46\x29\x94\xff\x45\x29\x93\xff\x46\x29\x94\xff\x45\x28\x94\xff\x45\x28\x93\xff\x44\x27\x92\xff") then
                    readbuff(buffs.putridzombie, true)
            elseif event:texturecompare(ax, ay + 64, "\x3e\x27\x8a\xff\x3e\x27\x8c\xff\x40\x27\x8d\xff\x42\x28\x8f\xff\x42\x28\x90\xff\x43\x28\x91\xff\x44\x28\x93\xff\x64\x69\x91\xff\x72\x88\x96\xff\x71\x87\x95\xff\x71\x87\x95\xff\x70\x86\x95\xff\x71\x87\x95\xff\x71\x87\x95\xff\x70\x86\x94\xff\x6f\x83\x93\xff\x6e\x82\x92\xff\x6d\x82\x91\xff\x6c\x81\x90\xff\x6c\x81\x90\xff\x6b\x80\x8f\xff\x6a\x80\x8e\xff\x6b\x80\x8f\xff\x6a\x7f\x8e\xff\x69\x7d\x8c\xff\x67\x7c\x8b\xff\x68\x7c\x8b\xff\x67\x7a\x8a\xff\x66\x7a\x8a\xff\x65\x76\x87\xff\x56\x63\x73\xff\x2f\x35\x3f\xff\x26\x2c\x35\xff\x27\x22\x2a\xff\x29\x5f\x78\xff\x39\x8e\xd3\xff\x37\x9d\xda\xff\x36\xa5\xdd\xff\x38\xa5\xdd\xff\x3c\xa1\xdc\xff\x3f\x9e\xdb\xff\x42\x9d\xdb\xff\x44\x9b\xda\xff\x46\x9a\xda\xff\x4a\x99\xda\xff\x4d\x98\xda\xff\x50\x96\xd9\xff\x53\x95\xd9\xff\x56\x94\xd9\xff\x59\x91\xd9\xff\x5c\x8e\xd9\xff\x5d\x8c\xd9\xff\x5f\x8b\xd9\xff\x61\x88\xd8\xff\x62\x88\xd8\xff\x63\x87\xd8\xff\x63\x87\xd9\xff\x63\x87\xd9\xff\x64\x87\xd9\xff\x62\x88\xd9\xff\x60\x89\xda\xff\x5f\x8c\xda\xff\x5d\x8f\xdb\xff\x5a\x92\xdb\xff\x57\x95\xdb\xff\x52\x94\xda\xff\x4c\x93\xda\xff\x5f\x67\xc6\xff\x75\x65\xbe\xff\x8b\x88\xbe\xff\x9a\xab\xba\xff\x98\xaf\xb9\xff\x9b\xae\xba\xff\x9a\xae\xb9\xff\x9b\xb1\xbb\xff\xa3\xb8\xc1\xff\xae\xc0\xc8\xff\xb5\xc8\xcf\xff\xb8\xc9\xcf\xff\xb7\xc9\xce\xff\xb4\xc4\xc9\xff\xa8\xb6\xbe\xff\x99\xa4\xb0\xff\x8b\x94\xa1\xff\x85\x8e\x9c\xff\x83\x8b\x9c\xff\x80\x88\x9a\xff\x7e\x86\x97\xff\x7c\x84\x95\xff\x7a\x83\x93\xff\x79\x83\x93\xff\x77\x80\x90\xff\x73\x7a\x8c\xff\x6d\x74\x88\xff\x61\x68\x7f\xff\x48\x50\x61\xff\x31\x38\x44\xff\x33\x3a\x46\xff\x49\x51\x60\xff\x5a\x61\x76\xff\x5d\x65\x7c\xff\x5e\x66\x7d\xff\x5d\x65\x7c\xff\x5c\x64\x7b\xff\x5a\x64\x7b\xff\x59\x63\x79\xff\x5a\x62\x78\xff\x59\x61\x77\xff\x57\x5f\x75\xff\x56\x5d\x73\xff\x52\x59\x6d\xff\x45\x4d\x5d\xff\x29\x30\x3c\xff\x25\x2d\x37\xff\x45\x4d\x5c\xff\x59\x61\x78\xff\x5d\x66\x7c\xff\x64\x6e\x84\xff\x79\x73\xa1\xff\x43\x29\x8f\xff\x41\x29\x8d\xff\x40\x28\x8c\xff\x3f\x28\x8b\xff\x3f\x27\x8a\xff\x3e\x26\x89\xff\x3e\x26\x87\xff\x3d\x26\x86\xff\x3d\x25\x86\xff") then
                    readbuff(buffs.phantomguardian, true)
            elseif event:texturecompare(ax, ay + 60, "\x0b\x30\x57\xff\x0b\x2f\x55\xff\x0b\x2f\x56\xff\x0b\x30\x56\xff\x0b\x30\x58\xff\x0b\x30\x58\xff\x0b\x31\x5a\xff\x0b\x30\x59\xff\x0b\x31\x5b\xff\x0b\x30\x59\xff\x0b\x31\x5b\xff\x0b\x31\x5b\xff\x0b\x31\x5a\xff\x0b\x31\x5a\xff\x0b\x31\x59\xff\x0b\x30\x58\xff\x0b\x31\x5a\xff\x0b\x31\x5a\xff\x0b\x31\x5c\xff\x0d\x35\x62\xff\x12\x3e\x6f\xff\x29\x63\x92\xff\x73\xbc\xd3\xff\xa5\xf3\xf6\xff\xa5\xf7\xfa\xff\x9d\xf2\xfa\xff\x96\xeb\xfa\xff\x91\xe7\xfa\xff\x91\xe6\xfa\xff\x90\xe5\xfa\xff\x8e\xe4\xf9\xff\x82\xdd\xf8\xff\x71\xcd\xf6\xff\x62\xbf\xf5\xff\x5a\xb5\xf3\xff\x55\xad\xf2\xff\x50\xa6\xf1\xff\x4d\xa1\xf0\xff\x4a\x9a\xee\xff\x47\x97\xed\xff\x47\x98\xed\xff\x49\x9a\xee\xff\x4a\x9c\xee\xff\x4d\xa1\xef\xff\x53\xab\xf1\xff\x5d\xb9\xf4\xff\x64\xc2\xf5\xff\x68\xc4\xf5\xff\x62\xbe\xf5\xff\x56\xab\xf3\xff\x4f\xa1\xf0\xff\x4a\x96\xee\xff\x3e\x80\xe8\xff\x36\x70\xde\xff\x34\x6c\xdb\xff\x35\x6a\xda\xff\x30\x60\xce\xff\x2c\x54\xbf\xff\x29\x4d\xb4\xff\x29\x4d\xb4\xff\x29\x4e\xb6\xff\x2a\x51\xba\xff\x2e\x57\xc2\xff\x32\x61\xcf\xff\x35\x69\xd7\xff\x36\x6e\xdc\xff\x36\x6c\xd9\xff\x37\x71\xdd\xff\x3c\x7c\xe6\xff\x43\x8b\xec\xff\x4b\x9e\xf0\xff\x56\xb0\xf2\xff\x5f\xbe\xf4\xff\x67\xc9\xf6\xff\x70\xd1\xf6\xff\x7a\xd7\xf6\xff\x59\xa2\xce\xff\x14\x44\x80\xff\x0c\x36\x6b\xff\x0b\x33\x65\xff\x0b\x34\x64\xff\x0b\x32\x63\xff\x0b\x32\x62\xff\x0b\x32\x62\xff\x0b\x32\x61\xff\x0b\x34\x64\xff\x0b\x33\x62\xff\x0b\x34\x63\xff\x0b\x34\x63\xff\x0b\x35\x63\xff\x0b\x36\x64\xff\x0c\x39\x6a\xff\x12\x46\x7d\xff\x46\xa0\xd0\xff\x6e\xda\xf6\xff\x6f\xda\xf7\xff\x66\xd0\xf5\xff\x5b\xc0\xf4\xff\x53\xb4\xf2\xff\x4e\xad\xf1\xff\x4e\xac\xf1\xff\x4e\xaa\xf0\xff\x4c\xa5\xef\xff\x49\x9f\xee\xff\x48\x9a\xed\xff\x45\x95\xec\xff\x44\x94\xeb\xff\x45\x97\xec\xff\x46\x98\xec\xff\x46\x9c\xee\xff\x4a\xa4\xef\xff\x51\xb0\xf1\xff\x5f\xc2\xf4\xff\x67\xc8\xf5\xff\x57\xac\xf1\xff\x40\x7c\xdf\xff\x37\x68\xd0\xff\x3c\x70\xdb\xff\x40\x78\xe4\xff\x3d\x77\xdf\xff\x19\x4b\x8f\xff\x0c\x39\x6b\xff\x0a\x37\x66\xff\x0b\x36\x66\xff\x0b\x37\x6a\xff\x0c\x38\x6c\xff\x0d\x36\x6a\xff\x0d\x37\x6a\xff") then
                    readbuff(buffs.primordialice, true)
            elseif event:texturecompare(ax, ay + 65, "\x04\x15\x31\xff\x04\x15\x33\xff\x04\x16\x34\xff\x05\x17\x37\xff\x05\x18\x3a\xff\x06\x19\x3c\xff\x06\x1b\x41\xff\x07\x1e\x49\xff\x09\x23\x52\xff\x0c\x28\x5e\xff\x20\x5e\x91\xff\x69\xdc\xf1\xff\x64\xcd\xe3\xff\x65\xcc\xe3\xff\x66\xce\xe2\xff\x6a\xd5\xe8\xff\x72\xe1\xf2\xff\x45\xa3\xc5\xff\x1c\x5c\x94\xff\x13\x43\x84\xff\x11\x3e\x81\xff\x11\x3c\x7f\xff\x11\x3c\x7f\xff\x12\x41\x85\xff\x15\x4a\x8c\xff\x1c\x61\x9a\xff\x4e\xb9\xd4\xff\x6c\xda\xeb\xff\x68\xd0\xe3\xff\x6a\xcf\xe2\xff\x6a\xcf\xe3\xff\x6b\xd0\xe3\xff\x6e\xd0\xe4\xff\x6b\xd2\xe3\xff\x6d\xd1\xe3\xff\x70\xd2\xe3\xff\x6e\xd2\xe3\xff\x6d\xd2\xe2\xff\x70\xd1\xe1\xff\x71\xd2\xe1\xff\x92\xdd\xeb\xff\xb4\xeb\xf4\xff\xb8\xeb\xf5\xff\xba\xeb\xf3\xff\xbe\xeb\xf4\xff\xc1\xed\xf4\xff\xc4\xec\xf5\xff\xc6\xec\xf5\xff\xc4\xee\xf5\xff\xc4\xed\xf5\xff\xc6\xee\xf5\xff\xc3\xec\xf5\xff\xbe\xed\xf4\xff\xba\xec\xf5\xff\xac\xeb\xf4\xff\x48\xb0\xcb\xff\x35\xa1\xc3\xff\x30\x99\xc1\xff\x2c\x94\xbf\xff\x2c\x93\xc0\xff\x2c\x91\xc0\xff\x2c\x93\xc1\xff\x2c\x92\xc1\xff\x2d\x93\xc2\xff\x2c\x92\xc2\xff\x2b\x91\xc1\xff\x2c\x91\xc1\xff\x2c\x90\xc0\xff\x2d\x94\xc0\xff\x2e\x96\xc0\xff\x32\x9c\xc3\xff\x3b\xa6\xc7\xff\x81\xd3\xe2\xff\xba\xed\xf5\xff\xbe\xec\xf5\xff\xc2\xeb\xf4\xff\xc2\xed\xf4\xff\xc5\xed\xf4\xff\xbe\xeb\xf3\xff\xc2\xea\xf2\xff\xc4\xee\xf5\xff\xca\xed\xf5\xff\xcd\xec\xf4\xff\xce\xed\xf3\xff\xe1\xf3\xfa\xff\xec\xfa\xff\xff\xe9\xf8\xfd\xff\xea\xf8\xfd\xff\xec\xf7\xfd\xff\xed\xfb\xfd\xff\xe9\xfa\xfd\xff\xe9\xf7\xfd\xff\xea\xf8\xfd\xff\xe9\xf8\xfd\xff\xeb\xf9\xfe\xff\xeb\xfe\xff\xff\x55\xa5\xc0\xff\x27\x77\xa8\xff\x1b\x5c\x9a\xff\x15\x49\x8f\xff\x12\x3f\x87\xff\x10\x3a\x80\xff\x10\x38\x7c\xff\x0f\x35\x79\xff\x0e\x33\x76\xff\x0d\x32\x73\xff\x0d\x31\x72\xff\x0d\x2f\x70\xff\x0d\x2f\x6f\xff\x0d\x2e\x6e\xff\x0c\x2e\x6b\xff\x0c\x2b\x67\xff\x0c\x2a\x65\xff\x0b\x28\x61\xff\x0a\x25\x5b\xff\x09\x23\x55\xff\x08\x22\x51\xff\x08\x20\x4d\xff\x08\x1d\x49\xff\x07\x1d\x46\xff\x06\x1c\x42\xff\x06\x1a\x3f\xff\x06\x19\x3e\xff\x05\x18\x3b\xff\x05\x17\x38\xff\x05\x16\x35\xff\x04\x16\x33\xff\x04\x14\x31\xff") then
                    readbuff(buffs.frostblades, true)
            elseif event:texturecompare(ax, ay + 64, "\x12\x1b\x07\xff\x12\x1c\x07\xff\x12\x1c\x07\xff\x12\x1d\x07\xff\x13\x1d\x07\xff\x13\x1f\x07\xff\x15\x27\x07\xff\x17\x33\x08\xff\x18\x42\x0f\xff\x19\x50\x1b\xff\x1b\x5f\x2d\xff\x1a\x65\x39\xff\x1a\x65\x3d\xff\x1a\x62\x3e\xff\x1c\x5a\x35\xff\x1c\x4d\x26\xff\x1a\x3f\x1a\xff\x18\x33\x0e\xff\x17\x29\x08\xff\x17\x27\x07\xff\x17\x27\x07\xff\x17\x27\x07\xff\x17\x27\x07\xff\x17\x27\x08\xff\x17\x27\x08\xff\x18\x27\x0a\xff\x21\x27\x20\xff\x2a\x26\x4f\xff\x35\x24\x81\xff\x40\x22\xa5\xff\x4a\x21\xbe\xff\x53\x21\xcf\xff\x54\x22\xd2\xff\x53\x21\xd0\xff\x4c\x22\xc4\xff\x43\x23\xb1\xff\x3b\x24\x9c\xff\x32\x24\x84\xff\x2c\x25\x6a\xff\x27\x25\x57\xff\x26\x25\x57\xff\x29\x26\x62\xff\x2d\x27\x6f\xff\x32\x28\x7b\xff\x38\x29\x8e\xff\x40\x2a\xaa\xff\x43\x2a\xb4\xff\x45\x2a\xbc\xff\x46\x29\xbf\xff\x47\x28\xc0\xff\x6d\x50\xcf\xff\xe5\xdc\xf2\xff\xe5\xdd\xf2\xff\xe5\xdd\xf2\xff\xe4\xdc\xf2\xff\xd9\xcb\xec\xff\xd1\xbf\xe9\xff\xd0\xbc\xe8\xff\xcf\xb9\xe7\xff\xcb\xb7\xe7\xff\xc8\xb3\xe6\xff\xce\xb9\xe8\xff\xd7\xc7\xec\xff\xcf\xbb\xe8\xff\xb7\x9a\xe0\xff\x92\x72\xd6\xff\x8b\x6c\xd3\xff\x91\x72\xd7\xff\x98\x78\xdb\xff\x97\x78\xdb\xff\x97\x78\xdb\xff\x96\x78\xdb\xff\x94\x75\xd9\xff\x85\x69\xd2\xff\x85\x69\xd2\xff\x85\x69\xd2\xff\x84\x68\xd2\xff\x6e\x2d\xeb\xff\x63\x1e\xe8\xff\x5e\x20\xdd\xff\x56\x24\xd2\xff\x51\x26\xc9\xff\x4e\x26\xc0\xff\x47\x27\xac\xff\x3e\x27\x96\xff\x35\x26\x7f\xff\x2b\x26\x67\xff\x27\x25\x57\xff\x24\x25\x4f\xff\x23\x26\x48\xff\x21\x26\x42\xff\x20\x26\x3b\xff\x1e\x27\x33\xff\x1d\x27\x2c\xff\x1b\x27\x25\xff\x1b\x26\x1f\xff\x1a\x28\x1a\xff\x1e\x29\x1f\xff\x24\x2d\x33\xff\x28\x32\x56\xff\x2f\x38\x79\xff\x35\x3e\x96\xff\x3b\x45\xac\xff\x3d\x47\xb4\xff\x3c\x48\xb6\xff\x3c\x49\xb4\xff\x34\x47\x9f\xff\x2c\x41\x7d\xff\x25\x3a\x4d\xff\x1f\x32\x23\xff\x1a\x2a\x0d\xff\x17\x26\x07\xff\x16\x27\x07\xff\x15\x26\x07\xff\x15\x25\x07\xff\x15\x25\x07\xff\x14\x25\x07\xff\x14\x24\x07\xff\x14\x27\x07\xff\x16\x2c\x07\xff\x15\x33\x07\xff\x14\x3a\x08\xff\x13\x3f\x08\xff\x12\x46\x08\xff\x13\x49\x08\xff\x12\x48\x08\xff\x12\x43\x08\xff\x12\x3b\x07\xff") then
                    readbuff(buffs.shadows, true)
            end
        end
        if aw == 32 then
          if event:texturecompare(ax, ay + 12, "\x00\x00\x01\x00\x00\x00\x01\x00\x00\x00\x01\x00\x00\x00\x01\x00\x00\x00\x01\x00\x00\x00\x01\x00\x00\x00\x01\x00\x00\x00\x01\x00\x00\x00\x01\x0b\x83\x72\x66\x54\x8c\x79\x6d\xff\x81\x5b\x43\xb4\x56\x3c\x2b\x26\x00\x00\x01\x00\x00\x00\x01\x04\x00\x00\x01\x00\x00\x00\x01\x08\x00\x00\x01\x4f\x63\x43\x22\xe5\xb7\x82\x42\xff\x7e\x54\x29\xff\x6a\x39\x19\xfd\x3b\x1f\x0c\xa3\x00\x00\x01\x38\x00\x00\x01\x0c\x00\x00\x01\x00\x00\x00\x01\x00\x00\x00\x01\x00\x00\x00\x01\x00\x00\x00\x01\x00\x00\x00\x01\x00\x00\x00\x01\x00") then
                readbuff(buffs.draco, true)  
          end
        end
        if aw == 38 then
          if event:texturecompare(ax, ay + 18, "\x2c\x2c\x2c\xff\x32\x32\x32\xff\x36\x36\x36\xff\x3a\x3a\x3a\xff\x3d\x3d\x3d\xff\x41\x41\x41\xff\x45\x45\x45\xff\x4d\x4d\x4d\xff\x5a\x5a\x5a\xff\x68\x68\x68\xff\x80\x80\x80\xff\x6b\x6b\x6b\xff\x1b\x1b\x1b\xff\x0f\x0f\x0f\xff\x0b\x0b\x0b\xff\x14\x14\x14\xff\x1e\x1e\x1e\xff\x09\x09\x09\xff\x20\x20\x20\xff\x11\x11\x11\xff\x11\x11\x11\xff\x20\x20\x20\xff\x0a\x0a\x0a\xff\x0c\x0c\x0c\xff\x1a\x1a\x1a\xff\x16\x16\x16\xff\x59\x59\x59\xff\x83\x83\x83\xff\x6e\x6e\x6e\xff\x5a\x5a\x5a\xff\x4d\x4d\x4d\xff\x45\x45\x45\xff\x3e\x3e\x3e\xff\x36\x36\x36\xff\x2b\x2b\x2b\xff\x1d\x1d\x1d\xff\x15\x15\x15\xff\x15\x15\x15\xff") then
                readbuff(buffs.bloodlust, true)  
          elseif event:texturecompare(ax, ay + 18, "\xc9\x17\x08\xff\xd8\x1f\x0b\xff\xdd\x24\x0d\xff\xe0\x2b\x0f\xff\xe1\x32\x11\xff\xe3\x38\x14\xff\xe6\x3f\x17\xff\xeb\x4b\x1e\xff\xf0\x5a\x2c\xff\xf7\x6a\x3c\xff\xf9\x81\x5a\xff\xf2\x58\x4c\xff\xae\x05\x18\xff\x75\x00\x0e\xff\x4d\x00\x04\xff\x8d\x00\x0a\xff\xd4\x01\x15\xff\x2c\x07\x00\xff\xe4\x02\x1b\xff\x6e\x00\x03\xff\x6e\x00\x04\xff\xe8\x01\x18\xff\x34\x04\x00\xff\x55\x00\x05\xff\xd4\x00\x1e\xff\xa6\x02\x18\xff\xc5\x49\x41\xff\xfa\x85\x5e\xff\xf9\x6f\x43\xff\xf1\x5a\x2c\xff\xea\x4a\x1f\xff\xe7\x3e\x17\xff\xe1\x33\x13\xff\xd3\x27\x0f\xff\xab\x1d\x0b\xff\x76\x14\x07\xff\x53\x13\x04\xff\x4a\x13\x05\xff") then
                readbuff(buffs.bloodlust, true)
          end
        end
        if aw == 23 then
          if event:texturecompare(ax, ay + 8, "\x00\x00\x01\x00\x00\x00\x01\x00\x00\x00\x01\x00\x00\x00\x01\x00\x00\x00\x01\x02\x00\x00\x01\x15\xbb\x94\x55\xdd\xc1\x9b\x5b\xff\xb6\x8f\x50\xff\xa3\x7d\x3c\xd9\x84\x5d\x1d\x6b\x73\x4c\x0d\x46\x84\x5d\x1d\x6b\xa6\x7f\x40\xdb\xb6\x8f\x50\xff\xc1\x9b\x5b\xff\xbb\x94\x55\xda\x00\x00\x01\x15\x00\x00\x01\x02\x00\x00\x01\x00\x00\x00\x01\x00\x00\x00\x01\x00\x00\x00\x01\x00") then
              readuielement(elements.loot, true)
          end
        end
        if aw == 24 then
          if event:texturecompare(ax, ay + 12, "\xff\xff\xff\x00\xff\xff\xff\x00\xff\xff\xff\x00\xff\xff\xff\x00\xff\xff\xff\x33\xff\xff\xff\x00\xff\xff\xff\x00\xff\xff\xff\x32\xff\xff\xff\x00\xff\xff\xff\x00\xff\xff\xff\xff\xff\xff\xff\x31\xff\xff\xff\x33\xff\xff\xff\xff\xff\xff\xff\x00\xff\xff\xff\x00\xff\xff\xff\x33\xff\xff\xff\x00\xff\xff\xff\x00\xff\xff\xff\x33\xff\xff\xff\x00\xff\xff\xff\x00\xff\xff\xff\x00\xff\xff\xff\x00") then
              readuielement(elements.bankpresets, true)
          end
        end
        if aw == 31 then
          if event:texturecompare(ax, ay + 16, "\x68\x5a\x36\xff\x45\x1d\x1c\xff\x45\x1d\x1c\xff\x83\x3b\x31\xff\x64\x2b\x26\xff\x64\x2b\x26\xff\x64\x2b\x26\xff\x65\x2b\x28\xff\x65\x2b\x28\xff\x65\x2b\x28\xff\x64\x2b\x26\xff\x56\x29\x26\xff\x8b\x65\x46\xff\xc6\xa4\x68\xff\xc6\xa4\x68\xff\xc6\xa4\x68\xff\xc6\xa4\x68\xff\xc6\xa4\x68\xff\x8b\x65\x46\xff\x56\x29\x26\xff\x64\x2b\x26\xff\x65\x2b\x28\xff\x65\x2b\x28\xff\x64\x2b\x26\xff\x64\x2b\x26\xff\x65\x2b\x28\xff\x64\x2b\x26\xff\x83\x3b\x31\xff\x45\x1d\x1c\xff\x45\x1d\x1c\xff\x68\x5a\x36\xff") then
              readuielement(elements.central, true)
          end
        end
      elseif aw == 36 then
        if event:texturecompare(ax, ay + 16, "\x00\x00\x01\x00\x00\x00\x01\x00\x00\x00\x01\x29\x9a\x73\x34\xdb\xc2\x9b\x5c\xff\xc2\x9b\x5c\xff\xab\x84\x45\xed\x00\x00\x01\x37\x00\x00\x01\x01\x00\x00\x01\x00\x00\x00\x01\x00\x00\x00\x01\x00\x00\x00\x01\x00\x00\x00\x01\x00\x00\x00\x01\x0c\x00\x00\x01\x40\x9e\x77\x38\xe2\xbf\x98\x59\xff\xc2\x9b\x5c\xff\xc7\xa0\x61\xff\x62\x3d\x01\x93\x00\x00\x01\x17\x00\x00\x01\x00\x00\x00\x01\x00\x00\x00\x01\x00\x00\x00\x01\x00\x00\x00\x01\x00\x00\x00\x01\x01\x00\x00\x01\x37\xab\x84\x45\xed\xc2\x9b\x5c\xff\xc2\x9b\x5c\xff\x9a\x73\x34\xdc\x00\x00\x01\x29\x00\x00\x01\x00\x00\x00\x01\x00") then
          readuielement(elements.bank, true)
        end
      elseif aw == 288 then
        if event:texturecompare(ax, ay + 16, "\x00\x0f\x17\x00\x00\x0f\x17\x00\x00\x0f\x17\x00\x00\x0f\x17\x00\x00\x0f\x17\x00\x00\x0f\x17\x00\x00\x0f\x17\x00\x00\x0f\x17\x00\x00\x0f\x17\x00\x00\x0f\x17\x00\x00\x0f\x17\x00\x00\x0f\x17\x00\x00\x0f\x17\x00\x00\x0f\x17\x00\x00\x0f\x17\x00\x00\x0f\x17\x00\x00\x0f\x17\x00\x00\x0f\x17\x00\x00\x0f\x17\x00\x00\x0f\x17\x00\x00\x0f\x17\x00\x87\x63\x0b\xff\x8c\x66\x0c\xff\xaa\x77\x0f\xff\xef\xb9\x2b\xff\xe5\xa2\x13\xff\xea\xa3\x14\xff\xea\xa3\x14\xff\xea\xa3\x14\xff\xeb\xa6\x1b\xff\xec\xa7\x1d\xff\xec\xa7\x1d\xff\xe9\xa5\x1d\xff\xe1\x9d\x16\xff\xdd\x9a\x13\xff\xd5\x94\x13\xff\xd2\x94\x13\xff\xcf\x93\x12\xff\xcf\x93\x12\xff\xcc\x92\x12\xff\xcc\x91\x12\xff\xcf\x93\x12\xff\xd2\x96\x12\xff\xd8\x99\x12\xff\xe0\x9c\x14\xff\xe0\x9c\x14\xff\xd6\x95\x13\xff\xce\x90\x12\xff\xcb\x8e\x12\xff\xcd\x93\x12\xff\xc8\x99\x10\xff\xcb\x9d\x10\xff\xdf\xa1\x13\xff\xeb\xa4\x15\xff\xeb\xa4\x15\xff\xe9\xa5\x19\xff\xe8\xa3\x16\xff\xeb\xa4\x15\xff\xea\xa3\x14\xff\xea\xa3\x14\xff\xeb\xa4\x15\xff\xeb\xa4\x15\xff\xea\xa3\x14\xff\xeb\xa4\x17\xff\xeb\xa4\x17\xff\xeb\xa4\x17\xff\xe4\x9f\x14\xff\xdf\x9b\x14\xff\xe3\x9e\x14\xff\xe1\x9d\x14\xff\xe6\xa0\x14\xff\xeb\xa4\x17\xff\xeb\xa4\x17\xff\xeb\xa4\x17\xff\xeb\xa6\x1b\xff\xeb\xa6\x1b\xff\xeb\xa6\x1b\xff\xec\xa8\x21\xff\xec\xa9\x22\xff\xec\xa8\x1f\xff\xec\xa8\x21\xff\xec\xa9\x22\xff\xec\xaa\x26\xff\xed\xad\x2c\xff\xed\xad\x2d\xff\xed\xab\x28\xff\xed\xac\x2a\xff\xed\xad\x2d\xff\xed\xad\x2c\xff\xec\xa8\x21\xff\xed\xae\x2f\xff\xed\xad\x2d\xff\xec\xa9\x24\xff\xec\xaa\x26\xff\xed\xab\x28\xff\xec\xaa\x26\xff\xed\xad\x2d\xff\xed\xad\x2c\xff\xed\xab\x28\xff\xec\xa9\x22\xff\xed\xab\x28\xff\xec\xaa\x26\xff\xec\xaa\x26\xff\xed\xab\x28\xff\xed\xab\x28\xff\xed\xab\x28\xff\xed\xad\x2c\xff\xed\xad\x2d\xff\xed\xad\x2d\xff\xed\xad\x2c\xff\xed\xab\x28\xff\xed\xab\x28\xff\xec\xa9\x24\xff\xec\xaa\x26\xff\xec\xa9\x22\xff\xec\xaa\x26\xff\xec\xaa\x26\xff\xed\xab\x28\xff\xe7\xa6\x27\xff\xd7\x9b\x24\xff\xd8\x9c\x24\xff\xe9\xaa\x2b\xff\xed\xad\x2d\xff\xee\xb0\x33\xff\xee\xb0\x33\xff\xee\xb0\x33\xff\xee\xb0\x35\xff\xee\xb0\x35\xff\xed\xad\x2d\xff\xed\xad\x2c\xff\xed\xad\x2c\xff\xed\xac\x2a\xff\xed\xac\x2a\xff\xed\xac\x2a\xff\xed\xac\x2a\xff\xed\xad\x2d\xff\xed\xad\x2d\xff\xed\xad\x2d\xff\xed\xad\x2d\xff\xed\xad\x2d\xff\xed\xad\x2d\xff\xed\xad\x2d\xff\xed\xad\x2d\xff\xed\xad\x2d\xff\xed\xad\x2c\xff\xed\xac\x2a\xff\xed\xab\x28\xff\xed\xab\x28\xff\xec\xa9\x24\xff\xec\xa9\x22\xff\xec\xa9\x24\xff\xed\xab\x28\xff\xed\xab\x28\xff\xed\xab\x28\xff\xed\xab\x28\xff\xec\xaa\x26\xff\xec\xa7\x1d\xff\xea\xa3\x14\xff\xeb\xa6\x1b\xff\xec\xa9\x24\xff\xed\xab\x28\xff\xed\xac\x2a\xff\xed\xad\x2d\xff\xed\xad\x2d\xff\xed\xad\x2d\xff\xed\xad\x2d\xff\xed\xad\x2d\xff\xed\xab\x28\xff\xed\xad\x2c\xff\xed\xad\x2c\xff\xed\xad\x2d\xff\xed\xad\x2c\xff\xed\xad\x2c\xff\xed\xad\x2d\xff\xed\xad\x2d\xff\xed\xad\x2c\xff\xed\xad\x2d\xff\xed\xae\x31\xff\xed\xae\x31\xff\xed\xae\x2f\xff\xee\xb0\x33\xff\xee\xb0\x33\xff\xee\xb0\x33\xff\xee\xb0\x33\xff\xee\xb0\x33\xff\xee\xb0\x33\xff\xee\xb0\x33\xff\xee\xb0\x33\xff\xed\xae\x31\xff\xee\xb0\x33\xff\xee\xb0\x33\xff\xec\xa9\x22\xff\xec\xa8\x21\xff\xec\xa8\x1f\xff\xec\xa8\x1f\xff\xec\xa8\x1f\xff\xeb\xa5\x19\xff\xeb\xa4\x15\xff\xeb\xa4\x15\xff\xeb\xa4\x17\xff\xeb\xa6\x1b\xff\xec\xa8\x21\xff\xec\xa9\x24\xff\xec\xa9\x22\xff\xec\xa8\x21\xff\xec\xa8\x21\xff\xec\xa9\x22\xff\xec\xa9\x22\xff\xed\xab\x28\xff\xed\xad\x2c\xff\xed\xae\x2f\xff\xee\xb1\x37\xff\xee\xb0\x35\xff\xed\xad\x2d\xff\xed\xad\x2c\xff\xed\xad\x2d\xff\xed\xad\x2c\xff\xed\xad\x2c\xff\xec\xa9\x24\xff\xed\xad\x2c\xff\xed\xad\x2d\xff\xed\xab\x28\xff\xed\xab\x28\xff\xed\xac\x2a\xff\xec\xaa\x26\xff\xec\xaa\x26\xff\xec\xa9\x24\xff\xec\xa9\x24\xff\xec\xa9\x24\xff\xec\xa8\x21\xff\xec\xa8\x21\xff\xec\xa8\x21\xff\xec\xa8\x21\xff\xec\xa8\x21\xff\xec\xa7\x1d\xff\xec\xa7\x1d\xff\xeb\xa6\x1b\xff\xec\xa8\x21\xff\xec\xa8\x1f\xff\xec\xa8\x1f\xff\xec\xa7\x1d\xff\xeb\xa6\x1b\xff\xeb\xa6\x1b\xff\xec\xa7\x1d\xff\xeb\xa6\x1b\xff\xeb\xa5\x19\xff\xeb\xa4\x15\xff\xea\xa4\x15\xff\xe1\x9d\x16\xff\xd5\x94\x13\xff\xdf\x9c\x16\xff\xea\xa4\x17\xff\xe8\xa1\x14\xff\xea\xa3\x14\xff\xea\xa3\x14\xff\xe8\xa1\x14\xff\xea\xa3\x14\xff\xea\xa3\x14\xff\xea\xa3\x14\xff\xea\xa3\x14\xff\xeb\xa4\x17\xff\xeb\xa4\x15\xff\xeb\xa4\x15\xff\xf1\xbd\x2f\xff\xaf\x7d\x0f\xff\x94\x6a\x0d\xff\x93\x6a\x0d\xff\x00\x0f\x17\x00\x00\x0f\x17\x00\x00\x0f\x17\x00\x00\x0f\x17\x00\x00\x0f\x17\x00\x00\x0f\x17\x00\x00\x0f\x17\x00\x00\x0f\x17\x00\x00\x0f\x17\x00\x00\x0f\x17\x00\x00\x0f\x17\x00\x00\x0f\x17\x00\x00\x0f\x17\x00\x00\x0f\x17\x00\x00\x0f\x17\x00\x00\x0f\x17\x00\x00\x0f\x17\x00\x00\x0f\x17\x00\x00\x0f\x17\x00\x00\x0f\x17\x00\x00\x0f\x17\x00") then
            readuielement(elements.lobby, true)
        end
      elseif aw == 106 and ah == 4 then
        local bar = statbars[event:texturedata(ax, ay, 106 * 4)]
        if bar then
          local x2, _ = event:vertexxy(i)
          local x1, _ = event:vertexxy(i + 2)
          bar.fraction = (x2 - (x1 + 1)) / 82.0
        end
      end
    end
  end
end)

bolt.onrender3d(function (event)
  if not (checkframe or any3dobjectexists) then return end
  local f = render3dlookup[event:vertexcount()]
  if f ~= nil then
    local model = f(event)
    if model and model.dohighlight then
      any3dobjectfound = true
      if (bolt.time() % 600000) <= 480000 then
        local m = model.center
        if model.anim then
          m = m:transform(event:vertexanimation(1))
        end
        --drawbox(m:transform(event:modelmatrix()), event:viewmatrix(), event:projectionmatrix(), model.boxsize, model.boxthickness)
      end
      if checkframe then
        model.foundoncheckframe = true
      end
    end
  end
end)

bolt.onrendericon(function (event)
  if not checkframe then return end
  local modelcount = event:modelcount()
  local f = nil
  if modelcount == 1 then
    f = rendericonlookup1[event:modelvertexcount(1)]
  elseif modelcount == 2 then
    f = rendericonlookup2[event:modelvertexcount(1)]
  end
  if f ~= nil then
    nextrender2dbuff, nextrender2ddebuff = f(event)
    nextrender2dpxleft, nextrender2dpxtop, _, _ = event:xywh()
  end
end)

startcheckframe = function (t)
  for _, buff in pairs(buffs) do
    buff.foundoncheckframe = false
  end
  for _, model in pairs(models) do
    model.foundoncheckframe = false
  end
  for _, element in pairs(elements) do
    element.foundoncheckframe = false
  end
  for _, particle in pairs(particles) do
    particle.foundoncheckframe = false
  end
  for _, ability in pairs(abilities) do
    ability.foundoncheckframe = false
  end
end

endcheckframe = function (t)
  for _, buff in pairs(buffs) do
    if not buff.foundoncheckframe then
      buff.active = false
    end
  end
  for _, element in pairs(elements) do
    if not element.foundoncheckframe then
        element.active = false
    end
  end
  for _, ability in pairs(abilities) do
    if not ability.foundoncheckframe then
        ability.active = false
    end
  end
end

bolt.onswapbuffers (function (event)
  t = bolt.time()
  if checkframe then
    endcheckframe(t)
    checkframe = false
  end

  if t > checktime + checkinterval then
    checkframe = true
    checktime = checktime + checkinterval
    if checktime < t then
      checktime = t
    end
    startcheckframe(t)
  end
  if (elements.bank.active or elements.central.active or elements.lobby.active or elements.bankpresets.active) and not elements.loot.active then
    return
  else
      drawhilights()
end
end)